"location","horizon","reference_date","target_end_date","target","output_type","output_type_id","value"
"Central",-1,"2025-05-17","2025-05-10","wk inc covid hosp","quantile",0.025,11.5
"Central",-1,"2025-05-17","2025-05-10","wk inc covid hosp","quantile",0.1,12
"Central",-1,"2025-05-17","2025-05-10","wk inc covid hosp","quantile",0.25,17
"Central",-1,"2025-05-17","2025-05-10","wk inc covid hosp","quantile",0.5,26
"Central",-1,"2025-05-17","2025-05-10","wk inc covid hosp","quantile",0.75,35
"Central",-1,"2025-05-17","2025-05-10","wk inc covid hosp","quantile",0.9,43
"Central",-1,"2025-05-17","2025-05-10","wk inc covid hosp","quantile",0.975,52
"Central",-1,"2025-05-17","2025-05-10","wk inc flu hosp","quantile",0.025,12
"Central",-1,"2025-05-17","2025-05-10","wk inc flu hosp","quantile",0.1,13
"Central",-1,"2025-05-17","2025-05-10","wk inc flu hosp","quantile",0.25,19
"Central",-1,"2025-05-17","2025-05-10","wk inc flu hosp","quantile",0.5,26.5
"Central",-1,"2025-05-17","2025-05-10","wk inc flu hosp","quantile",0.75,39.5
"Central",-1,"2025-05-17","2025-05-10","wk inc flu hosp","quantile",0.9,45
"Central",-1,"2025-05-17","2025-05-10","wk inc flu hosp","quantile",0.975,58.5
"Central",-1,"2025-05-17","2025-05-10","wk inc rsv hosp","quantile",0.025,1
"Central",-1,"2025-05-17","2025-05-10","wk inc rsv hosp","quantile",0.1,1
"Central",-1,"2025-05-17","2025-05-10","wk inc rsv hosp","quantile",0.25,1.5
"Central",-1,"2025-05-17","2025-05-10","wk inc rsv hosp","quantile",0.5,3
"Central",-1,"2025-05-17","2025-05-10","wk inc rsv hosp","quantile",0.75,6
"Central",-1,"2025-05-17","2025-05-10","wk inc rsv hosp","quantile",0.9,9
"Central",-1,"2025-05-17","2025-05-10","wk inc rsv hosp","quantile",0.975,12.5
"Central",0,"2025-05-17","2025-05-17","wk inc covid hosp","quantile",0.025,10
"Central",0,"2025-05-17","2025-05-17","wk inc covid hosp","quantile",0.1,11
"Central",0,"2025-05-17","2025-05-17","wk inc covid hosp","quantile",0.25,17
"Central",0,"2025-05-17","2025-05-17","wk inc covid hosp","quantile",0.5,25
"Central",0,"2025-05-17","2025-05-17","wk inc covid hosp","quantile",0.75,33
"Central",0,"2025-05-17","2025-05-17","wk inc covid hosp","quantile",0.9,44
"Central",0,"2025-05-17","2025-05-17","wk inc covid hosp","quantile",0.975,62.5
"Central",0,"2025-05-17","2025-05-17","wk inc flu hosp","quantile",0.025,10
"Central",0,"2025-05-17","2025-05-17","wk inc flu hosp","quantile",0.1,13
"Central",0,"2025-05-17","2025-05-17","wk inc flu hosp","quantile",0.25,20
"Central",0,"2025-05-17","2025-05-17","wk inc flu hosp","quantile",0.5,27.5
"Central",0,"2025-05-17","2025-05-17","wk inc flu hosp","quantile",0.75,39.5
"Central",0,"2025-05-17","2025-05-17","wk inc flu hosp","quantile",0.9,51.5
"Central",0,"2025-05-17","2025-05-17","wk inc flu hosp","quantile",0.975,76
"Central",0,"2025-05-17","2025-05-17","wk inc rsv hosp","quantile",0.025,1
"Central",0,"2025-05-17","2025-05-17","wk inc rsv hosp","quantile",0.1,1
"Central",0,"2025-05-17","2025-05-17","wk inc rsv hosp","quantile",0.25,1.5
"Central",0,"2025-05-17","2025-05-17","wk inc rsv hosp","quantile",0.5,2.5
"Central",0,"2025-05-17","2025-05-17","wk inc rsv hosp","quantile",0.75,4.5
"Central",0,"2025-05-17","2025-05-17","wk inc rsv hosp","quantile",0.9,7.5
"Central",0,"2025-05-17","2025-05-17","wk inc rsv hosp","quantile",0.975,12.5
"Central",1,"2025-05-17","2025-05-24","wk inc covid hosp","quantile",0.025,8.5
"Central",1,"2025-05-17","2025-05-24","wk inc covid hosp","quantile",0.1,9.5
"Central",1,"2025-05-17","2025-05-24","wk inc covid hosp","quantile",0.25,16
"Central",1,"2025-05-17","2025-05-24","wk inc covid hosp","quantile",0.5,23
"Central",1,"2025-05-17","2025-05-24","wk inc covid hosp","quantile",0.75,34
"Central",1,"2025-05-17","2025-05-24","wk inc covid hosp","quantile",0.9,47.5
"Central",1,"2025-05-17","2025-05-24","wk inc covid hosp","quantile",0.975,75
"Central",1,"2025-05-17","2025-05-24","wk inc flu hosp","quantile",0.025,8
"Central",1,"2025-05-17","2025-05-24","wk inc flu hosp","quantile",0.1,11
"Central",1,"2025-05-17","2025-05-24","wk inc flu hosp","quantile",0.25,16.5
"Central",1,"2025-05-17","2025-05-24","wk inc flu hosp","quantile",0.5,24.5
"Central",1,"2025-05-17","2025-05-24","wk inc flu hosp","quantile",0.75,42.5
"Central",1,"2025-05-17","2025-05-24","wk inc flu hosp","quantile",0.9,50.5
"Central",1,"2025-05-17","2025-05-24","wk inc flu hosp","quantile",0.975,104.5
"Central",1,"2025-05-17","2025-05-24","wk inc rsv hosp","quantile",0.025,1
"Central",1,"2025-05-17","2025-05-24","wk inc rsv hosp","quantile",0.1,1
"Central",1,"2025-05-17","2025-05-24","wk inc rsv hosp","quantile",0.25,1
"Central",1,"2025-05-17","2025-05-24","wk inc rsv hosp","quantile",0.5,2
"Central",1,"2025-05-17","2025-05-24","wk inc rsv hosp","quantile",0.75,4.5
"Central",1,"2025-05-17","2025-05-24","wk inc rsv hosp","quantile",0.9,7.5
"Central",1,"2025-05-17","2025-05-24","wk inc rsv hosp","quantile",0.975,15.5
"Central",2,"2025-05-17","2025-05-31","wk inc covid hosp","quantile",0.025,6.5
"Central",2,"2025-05-17","2025-05-31","wk inc covid hosp","quantile",0.1,8
"Central",2,"2025-05-17","2025-05-31","wk inc covid hosp","quantile",0.25,14
"Central",2,"2025-05-17","2025-05-31","wk inc covid hosp","quantile",0.5,22.5
"Central",2,"2025-05-17","2025-05-31","wk inc covid hosp","quantile",0.75,32.5
"Central",2,"2025-05-17","2025-05-31","wk inc covid hosp","quantile",0.9,47.5
"Central",2,"2025-05-17","2025-05-31","wk inc covid hosp","quantile",0.975,72
"Central",2,"2025-05-17","2025-05-31","wk inc flu hosp","quantile",0.025,7
"Central",2,"2025-05-17","2025-05-31","wk inc flu hosp","quantile",0.1,10
"Central",2,"2025-05-17","2025-05-31","wk inc flu hosp","quantile",0.25,14.5
"Central",2,"2025-05-17","2025-05-31","wk inc flu hosp","quantile",0.5,22
"Central",2,"2025-05-17","2025-05-31","wk inc flu hosp","quantile",0.75,34
"Central",2,"2025-05-17","2025-05-31","wk inc flu hosp","quantile",0.9,65
"Central",2,"2025-05-17","2025-05-31","wk inc flu hosp","quantile",0.975,187
"Central",2,"2025-05-17","2025-05-31","wk inc rsv hosp","quantile",0.025,0.5
"Central",2,"2025-05-17","2025-05-31","wk inc rsv hosp","quantile",0.1,1
"Central",2,"2025-05-17","2025-05-31","wk inc rsv hosp","quantile",0.25,1
"Central",2,"2025-05-17","2025-05-31","wk inc rsv hosp","quantile",0.5,2
"Central",2,"2025-05-17","2025-05-31","wk inc rsv hosp","quantile",0.75,4
"Central",2,"2025-05-17","2025-05-31","wk inc rsv hosp","quantile",0.9,7
"Central",2,"2025-05-17","2025-05-31","wk inc rsv hosp","quantile",0.975,17.5
"Central",3,"2025-05-17","2025-06-07","wk inc covid hosp","quantile",0.025,4.5
"Central",3,"2025-05-17","2025-06-07","wk inc covid hosp","quantile",0.1,7
"Central",3,"2025-05-17","2025-06-07","wk inc covid hosp","quantile",0.25,12.5
"Central",3,"2025-05-17","2025-06-07","wk inc covid hosp","quantile",0.5,21
"Central",3,"2025-05-17","2025-06-07","wk inc covid hosp","quantile",0.75,30.5
"Central",3,"2025-05-17","2025-06-07","wk inc covid hosp","quantile",0.9,50
"Central",3,"2025-05-17","2025-06-07","wk inc covid hosp","quantile",0.975,111
"Central",3,"2025-05-17","2025-06-07","wk inc flu hosp","quantile",0.025,6
"Central",3,"2025-05-17","2025-06-07","wk inc flu hosp","quantile",0.1,9
"Central",3,"2025-05-17","2025-06-07","wk inc flu hosp","quantile",0.25,13
"Central",3,"2025-05-17","2025-06-07","wk inc flu hosp","quantile",0.5,21.5
"Central",3,"2025-05-17","2025-06-07","wk inc flu hosp","quantile",0.75,56
"Central",3,"2025-05-17","2025-06-07","wk inc flu hosp","quantile",0.9,120.5
"Central",3,"2025-05-17","2025-06-07","wk inc flu hosp","quantile",0.975,283.5
"Central",3,"2025-05-17","2025-06-07","wk inc rsv hosp","quantile",0.025,0.5
"Central",3,"2025-05-17","2025-06-07","wk inc rsv hosp","quantile",0.1,0.5
"Central",3,"2025-05-17","2025-06-07","wk inc rsv hosp","quantile",0.25,1
"Central",3,"2025-05-17","2025-06-07","wk inc rsv hosp","quantile",0.5,2
"Central",3,"2025-05-17","2025-06-07","wk inc rsv hosp","quantile",0.75,4.5
"Central",3,"2025-05-17","2025-06-07","wk inc rsv hosp","quantile",0.9,8
"Central",3,"2025-05-17","2025-06-07","wk inc rsv hosp","quantile",0.975,24
"East",-1,"2025-05-17","2025-05-10","wk inc covid hosp","quantile",0.025,11.5
"East",-1,"2025-05-17","2025-05-10","wk inc covid hosp","quantile",0.1,12.5
"East",-1,"2025-05-17","2025-05-10","wk inc covid hosp","quantile",0.25,16
"East",-1,"2025-05-17","2025-05-10","wk inc covid hosp","quantile",0.5,25
"East",-1,"2025-05-17","2025-05-10","wk inc covid hosp","quantile",0.75,34.5
"East",-1,"2025-05-17","2025-05-10","wk inc covid hosp","quantile",0.9,43
"East",-1,"2025-05-17","2025-05-10","wk inc covid hosp","quantile",0.975,53.5
"East",-1,"2025-05-17","2025-05-10","wk inc flu hosp","quantile",0.025,7.5
"East",-1,"2025-05-17","2025-05-10","wk inc flu hosp","quantile",0.1,8.5
"East",-1,"2025-05-17","2025-05-10","wk inc flu hosp","quantile",0.25,12
"East",-1,"2025-05-17","2025-05-10","wk inc flu hosp","quantile",0.5,18
"East",-1,"2025-05-17","2025-05-10","wk inc flu hosp","quantile",0.75,25.5
"East",-1,"2025-05-17","2025-05-10","wk inc flu hosp","quantile",0.9,31.5
"East",-1,"2025-05-17","2025-05-10","wk inc flu hosp","quantile",0.975,39
"East",-1,"2025-05-17","2025-05-10","wk inc rsv hosp","quantile",0.025,3
"East",-1,"2025-05-17","2025-05-10","wk inc rsv hosp","quantile",0.1,3.5
"East",-1,"2025-05-17","2025-05-10","wk inc rsv hosp","quantile",0.25,4
"East",-1,"2025-05-17","2025-05-10","wk inc rsv hosp","quantile",0.5,7.5
"East",-1,"2025-05-17","2025-05-10","wk inc rsv hosp","quantile",0.75,11
"East",-1,"2025-05-17","2025-05-10","wk inc rsv hosp","quantile",0.9,15
"East",-1,"2025-05-17","2025-05-10","wk inc rsv hosp","quantile",0.975,18.5
"East",0,"2025-05-17","2025-05-17","wk inc covid hosp","quantile",0.025,10
"East",0,"2025-05-17","2025-05-17","wk inc covid hosp","quantile",0.1,11
"East",0,"2025-05-17","2025-05-17","wk inc covid hosp","quantile",0.25,19.5
"East",0,"2025-05-17","2025-05-17","wk inc covid hosp","quantile",0.5,29.5
"East",0,"2025-05-17","2025-05-17","wk inc covid hosp","quantile",0.75,40
"East",0,"2025-05-17","2025-05-17","wk inc covid hosp","quantile",0.9,52
"East",0,"2025-05-17","2025-05-17","wk inc covid hosp","quantile",0.975,73.5
"East",0,"2025-05-17","2025-05-17","wk inc flu hosp","quantile",0.025,6.5
"East",0,"2025-05-17","2025-05-17","wk inc flu hosp","quantile",0.1,8
"East",0,"2025-05-17","2025-05-17","wk inc flu hosp","quantile",0.25,11
"East",0,"2025-05-17","2025-05-17","wk inc flu hosp","quantile",0.5,17.5
"East",0,"2025-05-17","2025-05-17","wk inc flu hosp","quantile",0.75,23
"East",0,"2025-05-17","2025-05-17","wk inc flu hosp","quantile",0.9,31
"East",0,"2025-05-17","2025-05-17","wk inc flu hosp","quantile",0.975,40.5
"East",0,"2025-05-17","2025-05-17","wk inc rsv hosp","quantile",0.025,3
"East",0,"2025-05-17","2025-05-17","wk inc rsv hosp","quantile",0.1,3
"East",0,"2025-05-17","2025-05-17","wk inc rsv hosp","quantile",0.25,3.5
"East",0,"2025-05-17","2025-05-17","wk inc rsv hosp","quantile",0.5,7
"East",0,"2025-05-17","2025-05-17","wk inc rsv hosp","quantile",0.75,10.5
"East",0,"2025-05-17","2025-05-17","wk inc rsv hosp","quantile",0.9,13.5
"East",0,"2025-05-17","2025-05-17","wk inc rsv hosp","quantile",0.975,23.5
"East",1,"2025-05-17","2025-05-24","wk inc covid hosp","quantile",0.025,8.5
"East",1,"2025-05-17","2025-05-24","wk inc covid hosp","quantile",0.1,10.5
"East",1,"2025-05-17","2025-05-24","wk inc covid hosp","quantile",0.25,16.5
"East",1,"2025-05-17","2025-05-24","wk inc covid hosp","quantile",0.5,26
"East",1,"2025-05-17","2025-05-24","wk inc covid hosp","quantile",0.75,40
"East",1,"2025-05-17","2025-05-24","wk inc covid hosp","quantile",0.9,52.5
"East",1,"2025-05-17","2025-05-24","wk inc covid hosp","quantile",0.975,76.5
"East",1,"2025-05-17","2025-05-24","wk inc flu hosp","quantile",0.025,5
"East",1,"2025-05-17","2025-05-24","wk inc flu hosp","quantile",0.1,6.5
"East",1,"2025-05-17","2025-05-24","wk inc flu hosp","quantile",0.25,11
"East",1,"2025-05-17","2025-05-24","wk inc flu hosp","quantile",0.5,15.5
"East",1,"2025-05-17","2025-05-24","wk inc flu hosp","quantile",0.75,23
"East",1,"2025-05-17","2025-05-24","wk inc flu hosp","quantile",0.9,32
"East",1,"2025-05-17","2025-05-24","wk inc flu hosp","quantile",0.975,47
"East",1,"2025-05-17","2025-05-24","wk inc rsv hosp","quantile",0.025,2.5
"East",1,"2025-05-17","2025-05-24","wk inc rsv hosp","quantile",0.1,2.5
"East",1,"2025-05-17","2025-05-24","wk inc rsv hosp","quantile",0.25,3.5
"East",1,"2025-05-17","2025-05-24","wk inc rsv hosp","quantile",0.5,6
"East",1,"2025-05-17","2025-05-24","wk inc rsv hosp","quantile",0.75,10
"East",1,"2025-05-17","2025-05-24","wk inc rsv hosp","quantile",0.9,15
"East",1,"2025-05-17","2025-05-24","wk inc rsv hosp","quantile",0.975,30
"East",2,"2025-05-17","2025-05-31","wk inc covid hosp","quantile",0.025,7.5
"East",2,"2025-05-17","2025-05-31","wk inc covid hosp","quantile",0.1,9.5
"East",2,"2025-05-17","2025-05-31","wk inc covid hosp","quantile",0.25,15
"East",2,"2025-05-17","2025-05-31","wk inc covid hosp","quantile",0.5,25
"East",2,"2025-05-17","2025-05-31","wk inc covid hosp","quantile",0.75,40.5
"East",2,"2025-05-17","2025-05-31","wk inc covid hosp","quantile",0.9,56.5
"East",2,"2025-05-17","2025-05-31","wk inc covid hosp","quantile",0.975,74.5
"East",2,"2025-05-17","2025-05-31","wk inc flu hosp","quantile",0.025,4.5
"East",2,"2025-05-17","2025-05-31","wk inc flu hosp","quantile",0.1,5.5
"East",2,"2025-05-17","2025-05-31","wk inc flu hosp","quantile",0.25,9.5
"East",2,"2025-05-17","2025-05-31","wk inc flu hosp","quantile",0.5,15
"East",2,"2025-05-17","2025-05-31","wk inc flu hosp","quantile",0.75,23
"East",2,"2025-05-17","2025-05-31","wk inc flu hosp","quantile",0.9,32
"East",2,"2025-05-17","2025-05-31","wk inc flu hosp","quantile",0.975,68.5
"East",2,"2025-05-17","2025-05-31","wk inc rsv hosp","quantile",0.025,2
"East",2,"2025-05-17","2025-05-31","wk inc rsv hosp","quantile",0.1,2.5
"East",2,"2025-05-17","2025-05-31","wk inc rsv hosp","quantile",0.25,3
"East",2,"2025-05-17","2025-05-31","wk inc rsv hosp","quantile",0.5,6
"East",2,"2025-05-17","2025-05-31","wk inc rsv hosp","quantile",0.75,10
"East",2,"2025-05-17","2025-05-31","wk inc rsv hosp","quantile",0.9,16
"East",2,"2025-05-17","2025-05-31","wk inc rsv hosp","quantile",0.975,39.5
"East",3,"2025-05-17","2025-06-07","wk inc covid hosp","quantile",0.025,6.5
"East",3,"2025-05-17","2025-06-07","wk inc covid hosp","quantile",0.1,8.5
"East",3,"2025-05-17","2025-06-07","wk inc covid hosp","quantile",0.25,13
"East",3,"2025-05-17","2025-06-07","wk inc covid hosp","quantile",0.5,23.5
"East",3,"2025-05-17","2025-06-07","wk inc covid hosp","quantile",0.75,46.5
"East",3,"2025-05-17","2025-06-07","wk inc covid hosp","quantile",0.9,66.5
"East",3,"2025-05-17","2025-06-07","wk inc covid hosp","quantile",0.975,112.5
"East",3,"2025-05-17","2025-06-07","wk inc flu hosp","quantile",0.025,4
"East",3,"2025-05-17","2025-06-07","wk inc flu hosp","quantile",0.1,4.5
"East",3,"2025-05-17","2025-06-07","wk inc flu hosp","quantile",0.25,8
"East",3,"2025-05-17","2025-06-07","wk inc flu hosp","quantile",0.5,13
"East",3,"2025-05-17","2025-06-07","wk inc flu hosp","quantile",0.75,21.5
"East",3,"2025-05-17","2025-06-07","wk inc flu hosp","quantile",0.9,42
"East",3,"2025-05-17","2025-06-07","wk inc flu hosp","quantile",0.975,180.5
"East",3,"2025-05-17","2025-06-07","wk inc rsv hosp","quantile",0.025,2
"East",3,"2025-05-17","2025-06-07","wk inc rsv hosp","quantile",0.1,2
"East",3,"2025-05-17","2025-06-07","wk inc rsv hosp","quantile",0.25,2.5
"East",3,"2025-05-17","2025-06-07","wk inc rsv hosp","quantile",0.5,5
"East",3,"2025-05-17","2025-06-07","wk inc rsv hosp","quantile",0.75,10
"East",3,"2025-05-17","2025-06-07","wk inc rsv hosp","quantile",0.9,17.5
"East",3,"2025-05-17","2025-06-07","wk inc rsv hosp","quantile",0.975,54
"North East",-1,"2025-05-17","2025-05-10","wk inc covid hosp","quantile",0.025,1.5
"North East",-1,"2025-05-17","2025-05-10","wk inc covid hosp","quantile",0.1,3
"North East",-1,"2025-05-17","2025-05-10","wk inc covid hosp","quantile",0.25,3.5
"North East",-1,"2025-05-17","2025-05-10","wk inc covid hosp","quantile",0.5,7
"North East",-1,"2025-05-17","2025-05-10","wk inc covid hosp","quantile",0.75,10.5
"North East",-1,"2025-05-17","2025-05-10","wk inc covid hosp","quantile",0.9,13.5
"North East",-1,"2025-05-17","2025-05-10","wk inc covid hosp","quantile",0.975,16.5
"North East",-1,"2025-05-17","2025-05-10","wk inc flu hosp","quantile",0.025,1.5
"North East",-1,"2025-05-17","2025-05-10","wk inc flu hosp","quantile",0.1,1.5
"North East",-1,"2025-05-17","2025-05-10","wk inc flu hosp","quantile",0.25,2
"North East",-1,"2025-05-17","2025-05-10","wk inc flu hosp","quantile",0.5,4
"North East",-1,"2025-05-17","2025-05-10","wk inc flu hosp","quantile",0.75,7.5
"North East",-1,"2025-05-17","2025-05-10","wk inc flu hosp","quantile",0.9,10.5
"North East",-1,"2025-05-17","2025-05-10","wk inc flu hosp","quantile",0.975,15
"North East",-1,"2025-05-17","2025-05-10","wk inc rsv hosp","quantile",0.025,0.5
"North East",-1,"2025-05-17","2025-05-10","wk inc rsv hosp","quantile",0.1,0.5
"North East",-1,"2025-05-17","2025-05-10","wk inc rsv hosp","quantile",0.25,0.5
"North East",-1,"2025-05-17","2025-05-10","wk inc rsv hosp","quantile",0.5,0.5
"North East",-1,"2025-05-17","2025-05-10","wk inc rsv hosp","quantile",0.75,1.5
"North East",-1,"2025-05-17","2025-05-10","wk inc rsv hosp","quantile",0.9,2.5
"North East",-1,"2025-05-17","2025-05-10","wk inc rsv hosp","quantile",0.975,3.5
"North East",0,"2025-05-17","2025-05-17","wk inc covid hosp","quantile",0.025,1
"North East",0,"2025-05-17","2025-05-17","wk inc covid hosp","quantile",0.1,2.5
"North East",0,"2025-05-17","2025-05-17","wk inc covid hosp","quantile",0.25,4.5
"North East",0,"2025-05-17","2025-05-17","wk inc covid hosp","quantile",0.5,7
"North East",0,"2025-05-17","2025-05-17","wk inc covid hosp","quantile",0.75,10.5
"North East",0,"2025-05-17","2025-05-17","wk inc covid hosp","quantile",0.9,14
"North East",0,"2025-05-17","2025-05-17","wk inc covid hosp","quantile",0.975,20
"North East",0,"2025-05-17","2025-05-17","wk inc flu hosp","quantile",0.025,1.5
"North East",0,"2025-05-17","2025-05-17","wk inc flu hosp","quantile",0.1,1.5
"North East",0,"2025-05-17","2025-05-17","wk inc flu hosp","quantile",0.25,2
"North East",0,"2025-05-17","2025-05-17","wk inc flu hosp","quantile",0.5,3.5
"North East",0,"2025-05-17","2025-05-17","wk inc flu hosp","quantile",0.75,6.5
"North East",0,"2025-05-17","2025-05-17","wk inc flu hosp","quantile",0.9,9.5
"North East",0,"2025-05-17","2025-05-17","wk inc flu hosp","quantile",0.975,15
"North East",0,"2025-05-17","2025-05-17","wk inc rsv hosp","quantile",0.025,0.5
"North East",0,"2025-05-17","2025-05-17","wk inc rsv hosp","quantile",0.1,0.5
"North East",0,"2025-05-17","2025-05-17","wk inc rsv hosp","quantile",0.25,0.5
"North East",0,"2025-05-17","2025-05-17","wk inc rsv hosp","quantile",0.5,0.5
"North East",0,"2025-05-17","2025-05-17","wk inc rsv hosp","quantile",0.75,1.5
"North East",0,"2025-05-17","2025-05-17","wk inc rsv hosp","quantile",0.9,2.5
"North East",0,"2025-05-17","2025-05-17","wk inc rsv hosp","quantile",0.975,4
"North East",1,"2025-05-17","2025-05-24","wk inc covid hosp","quantile",0.025,1
"North East",1,"2025-05-17","2025-05-24","wk inc covid hosp","quantile",0.1,2
"North East",1,"2025-05-17","2025-05-24","wk inc covid hosp","quantile",0.25,3.5
"North East",1,"2025-05-17","2025-05-24","wk inc covid hosp","quantile",0.5,6.5
"North East",1,"2025-05-17","2025-05-24","wk inc covid hosp","quantile",0.75,11
"North East",1,"2025-05-17","2025-05-24","wk inc covid hosp","quantile",0.9,14.5
"North East",1,"2025-05-17","2025-05-24","wk inc covid hosp","quantile",0.975,21.5
"North East",1,"2025-05-17","2025-05-24","wk inc flu hosp","quantile",0.025,1
"North East",1,"2025-05-17","2025-05-24","wk inc flu hosp","quantile",0.1,1
"North East",1,"2025-05-17","2025-05-24","wk inc flu hosp","quantile",0.25,1.5
"North East",1,"2025-05-17","2025-05-24","wk inc flu hosp","quantile",0.5,3
"North East",1,"2025-05-17","2025-05-24","wk inc flu hosp","quantile",0.75,6.5
"North East",1,"2025-05-17","2025-05-24","wk inc flu hosp","quantile",0.9,9
"North East",1,"2025-05-17","2025-05-24","wk inc flu hosp","quantile",0.975,18.5
"North East",1,"2025-05-17","2025-05-24","wk inc rsv hosp","quantile",0.025,0.5
"North East",1,"2025-05-17","2025-05-24","wk inc rsv hosp","quantile",0.1,0.5
"North East",1,"2025-05-17","2025-05-24","wk inc rsv hosp","quantile",0.25,0.5
"North East",1,"2025-05-17","2025-05-24","wk inc rsv hosp","quantile",0.5,0.5
"North East",1,"2025-05-17","2025-05-24","wk inc rsv hosp","quantile",0.75,1.5
"North East",1,"2025-05-17","2025-05-24","wk inc rsv hosp","quantile",0.9,2
"North East",1,"2025-05-17","2025-05-24","wk inc rsv hosp","quantile",0.975,4.5
"North East",2,"2025-05-17","2025-05-31","wk inc covid hosp","quantile",0.025,1
"North East",2,"2025-05-17","2025-05-31","wk inc covid hosp","quantile",0.1,2
"North East",2,"2025-05-17","2025-05-31","wk inc covid hosp","quantile",0.25,4
"North East",2,"2025-05-17","2025-05-31","wk inc covid hosp","quantile",0.5,7
"North East",2,"2025-05-17","2025-05-31","wk inc covid hosp","quantile",0.75,11.5
"North East",2,"2025-05-17","2025-05-31","wk inc covid hosp","quantile",0.9,16.5
"North East",2,"2025-05-17","2025-05-31","wk inc covid hosp","quantile",0.975,21.5
"North East",2,"2025-05-17","2025-05-31","wk inc flu hosp","quantile",0.025,1
"North East",2,"2025-05-17","2025-05-31","wk inc flu hosp","quantile",0.1,1.5
"North East",2,"2025-05-17","2025-05-31","wk inc flu hosp","quantile",0.25,1.5
"North East",2,"2025-05-17","2025-05-31","wk inc flu hosp","quantile",0.5,2.5
"North East",2,"2025-05-17","2025-05-31","wk inc flu hosp","quantile",0.75,5.5
"North East",2,"2025-05-17","2025-05-31","wk inc flu hosp","quantile",0.9,10.5
"North East",2,"2025-05-17","2025-05-31","wk inc flu hosp","quantile",0.975,29
"North East",2,"2025-05-17","2025-05-31","wk inc rsv hosp","quantile",0.025,0.5
"North East",2,"2025-05-17","2025-05-31","wk inc rsv hosp","quantile",0.1,0.5
"North East",2,"2025-05-17","2025-05-31","wk inc rsv hosp","quantile",0.25,0.5
"North East",2,"2025-05-17","2025-05-31","wk inc rsv hosp","quantile",0.5,0.5
"North East",2,"2025-05-17","2025-05-31","wk inc rsv hosp","quantile",0.75,1.5
"North East",2,"2025-05-17","2025-05-31","wk inc rsv hosp","quantile",0.9,2
"North East",2,"2025-05-17","2025-05-31","wk inc rsv hosp","quantile",0.975,5
"North East",3,"2025-05-17","2025-06-07","wk inc covid hosp","quantile",0.025,0.5
"North East",3,"2025-05-17","2025-06-07","wk inc covid hosp","quantile",0.1,2
"North East",3,"2025-05-17","2025-06-07","wk inc covid hosp","quantile",0.25,2.5
"North East",3,"2025-05-17","2025-06-07","wk inc covid hosp","quantile",0.5,5.5
"North East",3,"2025-05-17","2025-06-07","wk inc covid hosp","quantile",0.75,12
"North East",3,"2025-05-17","2025-06-07","wk inc covid hosp","quantile",0.9,18
"North East",3,"2025-05-17","2025-06-07","wk inc covid hosp","quantile",0.975,30
"North East",3,"2025-05-17","2025-06-07","wk inc flu hosp","quantile",0.025,0.5
"North East",3,"2025-05-17","2025-06-07","wk inc flu hosp","quantile",0.1,1
"North East",3,"2025-05-17","2025-06-07","wk inc flu hosp","quantile",0.25,1.5
"North East",3,"2025-05-17","2025-06-07","wk inc flu hosp","quantile",0.5,2.5
"North East",3,"2025-05-17","2025-06-07","wk inc flu hosp","quantile",0.75,6
"North East",3,"2025-05-17","2025-06-07","wk inc flu hosp","quantile",0.9,20
"North East",3,"2025-05-17","2025-06-07","wk inc flu hosp","quantile",0.975,42.5
"North East",3,"2025-05-17","2025-06-07","wk inc rsv hosp","quantile",0.025,0
"North East",3,"2025-05-17","2025-06-07","wk inc rsv hosp","quantile",0.1,0.5
"North East",3,"2025-05-17","2025-06-07","wk inc rsv hosp","quantile",0.25,0.5
"North East",3,"2025-05-17","2025-06-07","wk inc rsv hosp","quantile",0.5,0.5
"North East",3,"2025-05-17","2025-06-07","wk inc rsv hosp","quantile",0.75,1.5
"North East",3,"2025-05-17","2025-06-07","wk inc rsv hosp","quantile",0.9,2.5
"North East",3,"2025-05-17","2025-06-07","wk inc rsv hosp","quantile",0.975,7
"North West",-1,"2025-05-17","2025-05-10","wk inc covid hosp","quantile",0.025,0.5
"North West",-1,"2025-05-17","2025-05-10","wk inc covid hosp","quantile",0.1,0.5
"North West",-1,"2025-05-17","2025-05-10","wk inc covid hosp","quantile",0.25,0.5
"North West",-1,"2025-05-17","2025-05-10","wk inc covid hosp","quantile",0.5,0.5
"North West",-1,"2025-05-17","2025-05-10","wk inc covid hosp","quantile",0.75,2
"North West",-1,"2025-05-17","2025-05-10","wk inc covid hosp","quantile",0.9,4
"North West",-1,"2025-05-17","2025-05-10","wk inc covid hosp","quantile",0.975,6
"North West",-1,"2025-05-17","2025-05-10","wk inc flu hosp","quantile",0.025,0.5
"North West",-1,"2025-05-17","2025-05-10","wk inc flu hosp","quantile",0.1,0.5
"North West",-1,"2025-05-17","2025-05-10","wk inc flu hosp","quantile",0.25,0.5
"North West",-1,"2025-05-17","2025-05-10","wk inc flu hosp","quantile",0.5,0.5
"North West",-1,"2025-05-17","2025-05-10","wk inc flu hosp","quantile",0.75,2
"North West",-1,"2025-05-17","2025-05-10","wk inc flu hosp","quantile",0.9,4
"North West",-1,"2025-05-17","2025-05-10","wk inc flu hosp","quantile",0.975,6
"North West",-1,"2025-05-17","2025-05-10","wk inc rsv hosp","quantile",0.025,0.5
"North West",-1,"2025-05-17","2025-05-10","wk inc rsv hosp","quantile",0.1,0.5
"North West",-1,"2025-05-17","2025-05-10","wk inc rsv hosp","quantile",0.25,0.5
"North West",-1,"2025-05-17","2025-05-10","wk inc rsv hosp","quantile",0.5,1
"North West",-1,"2025-05-17","2025-05-10","wk inc rsv hosp","quantile",0.75,1.5
"North West",-1,"2025-05-17","2025-05-10","wk inc rsv hosp","quantile",0.9,2.5
"North West",-1,"2025-05-17","2025-05-10","wk inc rsv hosp","quantile",0.975,3
"North West",0,"2025-05-17","2025-05-17","wk inc covid hosp","quantile",0.025,0.5
"North West",0,"2025-05-17","2025-05-17","wk inc covid hosp","quantile",0.1,0.5
"North West",0,"2025-05-17","2025-05-17","wk inc covid hosp","quantile",0.25,0.5
"North West",0,"2025-05-17","2025-05-17","wk inc covid hosp","quantile",0.5,0.5
"North West",0,"2025-05-17","2025-05-17","wk inc covid hosp","quantile",0.75,2.5
"North West",0,"2025-05-17","2025-05-17","wk inc covid hosp","quantile",0.9,4
"North West",0,"2025-05-17","2025-05-17","wk inc covid hosp","quantile",0.975,6
"North West",0,"2025-05-17","2025-05-17","wk inc flu hosp","quantile",0.025,0.5
"North West",0,"2025-05-17","2025-05-17","wk inc flu hosp","quantile",0.1,0.5
"North West",0,"2025-05-17","2025-05-17","wk inc flu hosp","quantile",0.25,0.5
"North West",0,"2025-05-17","2025-05-17","wk inc flu hosp","quantile",0.5,1
"North West",0,"2025-05-17","2025-05-17","wk inc flu hosp","quantile",0.75,2
"North West",0,"2025-05-17","2025-05-17","wk inc flu hosp","quantile",0.9,3.5
"North West",0,"2025-05-17","2025-05-17","wk inc flu hosp","quantile",0.975,6
"North West",0,"2025-05-17","2025-05-17","wk inc rsv hosp","quantile",0.025,0.5
"North West",0,"2025-05-17","2025-05-17","wk inc rsv hosp","quantile",0.1,0.5
"North West",0,"2025-05-17","2025-05-17","wk inc rsv hosp","quantile",0.25,0.5
"North West",0,"2025-05-17","2025-05-17","wk inc rsv hosp","quantile",0.5,1.5
"North West",0,"2025-05-17","2025-05-17","wk inc rsv hosp","quantile",0.75,2.5
"North West",0,"2025-05-17","2025-05-17","wk inc rsv hosp","quantile",0.9,3
"North West",0,"2025-05-17","2025-05-17","wk inc rsv hosp","quantile",0.975,3.5
"North West",1,"2025-05-17","2025-05-24","wk inc covid hosp","quantile",0.025,0
"North West",1,"2025-05-17","2025-05-24","wk inc covid hosp","quantile",0.1,0.5
"North West",1,"2025-05-17","2025-05-24","wk inc covid hosp","quantile",0.25,0.5
"North West",1,"2025-05-17","2025-05-24","wk inc covid hosp","quantile",0.5,1
"North West",1,"2025-05-17","2025-05-24","wk inc covid hosp","quantile",0.75,2.5
"North West",1,"2025-05-17","2025-05-24","wk inc covid hosp","quantile",0.9,4
"North West",1,"2025-05-17","2025-05-24","wk inc covid hosp","quantile",0.975,6.5
"North West",1,"2025-05-17","2025-05-24","wk inc flu hosp","quantile",0.025,0.5
"North West",1,"2025-05-17","2025-05-24","wk inc flu hosp","quantile",0.1,0.5
"North West",1,"2025-05-17","2025-05-24","wk inc flu hosp","quantile",0.25,0.5
"North West",1,"2025-05-17","2025-05-24","wk inc flu hosp","quantile",0.5,1
"North West",1,"2025-05-17","2025-05-24","wk inc flu hosp","quantile",0.75,2
"North West",1,"2025-05-17","2025-05-24","wk inc flu hosp","quantile",0.9,3.5
"North West",1,"2025-05-17","2025-05-24","wk inc flu hosp","quantile",0.975,8.5
"North West",1,"2025-05-17","2025-05-24","wk inc rsv hosp","quantile",0.025,0.5
"North West",1,"2025-05-17","2025-05-24","wk inc rsv hosp","quantile",0.1,0.5
"North West",1,"2025-05-17","2025-05-24","wk inc rsv hosp","quantile",0.25,0.5
"North West",1,"2025-05-17","2025-05-24","wk inc rsv hosp","quantile",0.5,1.5
"North West",1,"2025-05-17","2025-05-24","wk inc rsv hosp","quantile",0.75,2.5
"North West",1,"2025-05-17","2025-05-24","wk inc rsv hosp","quantile",0.9,3
"North West",1,"2025-05-17","2025-05-24","wk inc rsv hosp","quantile",0.975,4
"North West",2,"2025-05-17","2025-05-31","wk inc covid hosp","quantile",0.025,0
"North West",2,"2025-05-17","2025-05-31","wk inc covid hosp","quantile",0.1,0.5
"North West",2,"2025-05-17","2025-05-31","wk inc covid hosp","quantile",0.25,0.5
"North West",2,"2025-05-17","2025-05-31","wk inc covid hosp","quantile",0.5,1
"North West",2,"2025-05-17","2025-05-31","wk inc covid hosp","quantile",0.75,2.5
"North West",2,"2025-05-17","2025-05-31","wk inc covid hosp","quantile",0.9,4.5
"North West",2,"2025-05-17","2025-05-31","wk inc covid hosp","quantile",0.975,7
"North West",2,"2025-05-17","2025-05-31","wk inc flu hosp","quantile",0.025,0
"North West",2,"2025-05-17","2025-05-31","wk inc flu hosp","quantile",0.1,0.5
"North West",2,"2025-05-17","2025-05-31","wk inc flu hosp","quantile",0.25,0.5
"North West",2,"2025-05-17","2025-05-31","wk inc flu hosp","quantile",0.5,0.5
"North West",2,"2025-05-17","2025-05-31","wk inc flu hosp","quantile",0.75,2
"North West",2,"2025-05-17","2025-05-31","wk inc flu hosp","quantile",0.9,3.5
"North West",2,"2025-05-17","2025-05-31","wk inc flu hosp","quantile",0.975,11
"North West",2,"2025-05-17","2025-05-31","wk inc rsv hosp","quantile",0.025,0.5
"North West",2,"2025-05-17","2025-05-31","wk inc rsv hosp","quantile",0.1,0.5
"North West",2,"2025-05-17","2025-05-31","wk inc rsv hosp","quantile",0.25,0.5
"North West",2,"2025-05-17","2025-05-31","wk inc rsv hosp","quantile",0.5,1.5
"North West",2,"2025-05-17","2025-05-31","wk inc rsv hosp","quantile",0.75,2
"North West",2,"2025-05-17","2025-05-31","wk inc rsv hosp","quantile",0.9,3
"North West",2,"2025-05-17","2025-05-31","wk inc rsv hosp","quantile",0.975,5.5
"North West",3,"2025-05-17","2025-06-07","wk inc covid hosp","quantile",0.025,0
"North West",3,"2025-05-17","2025-06-07","wk inc covid hosp","quantile",0.1,0.5
"North West",3,"2025-05-17","2025-06-07","wk inc covid hosp","quantile",0.25,0.5
"North West",3,"2025-05-17","2025-06-07","wk inc covid hosp","quantile",0.5,0.5
"North West",3,"2025-05-17","2025-06-07","wk inc covid hosp","quantile",0.75,2
"North West",3,"2025-05-17","2025-06-07","wk inc covid hosp","quantile",0.9,4
"North West",3,"2025-05-17","2025-06-07","wk inc covid hosp","quantile",0.975,8
"North West",3,"2025-05-17","2025-06-07","wk inc flu hosp","quantile",0.025,0
"North West",3,"2025-05-17","2025-06-07","wk inc flu hosp","quantile",0.1,0
"North West",3,"2025-05-17","2025-06-07","wk inc flu hosp","quantile",0.25,0.5
"North West",3,"2025-05-17","2025-06-07","wk inc flu hosp","quantile",0.5,0.5
"North West",3,"2025-05-17","2025-06-07","wk inc flu hosp","quantile",0.75,2
"North West",3,"2025-05-17","2025-06-07","wk inc flu hosp","quantile",0.9,6
"North West",3,"2025-05-17","2025-06-07","wk inc flu hosp","quantile",0.975,13.5
"North West",3,"2025-05-17","2025-06-07","wk inc rsv hosp","quantile",0.025,0.5
"North West",3,"2025-05-17","2025-06-07","wk inc rsv hosp","quantile",0.1,0.5
"North West",3,"2025-05-17","2025-06-07","wk inc rsv hosp","quantile",0.25,0.5
"North West",3,"2025-05-17","2025-06-07","wk inc rsv hosp","quantile",0.5,1
"North West",3,"2025-05-17","2025-06-07","wk inc rsv hosp","quantile",0.75,2
"North West",3,"2025-05-17","2025-06-07","wk inc rsv hosp","quantile",0.9,2.5
"North West",3,"2025-05-17","2025-06-07","wk inc rsv hosp","quantile",0.975,8
"Ontario",-1,"2025-05-17","2025-05-10","wk inc covid hosp","quantile",0.025,49
"Ontario",-1,"2025-05-17","2025-05-10","wk inc covid hosp","quantile",0.1,61
"Ontario",-1,"2025-05-17","2025-05-10","wk inc covid hosp","quantile",0.25,89
"Ontario",-1,"2025-05-17","2025-05-10","wk inc covid hosp","quantile",0.5,117.5
"Ontario",-1,"2025-05-17","2025-05-10","wk inc covid hosp","quantile",0.75,145.5
"Ontario",-1,"2025-05-17","2025-05-10","wk inc covid hosp","quantile",0.9,175
"Ontario",-1,"2025-05-17","2025-05-10","wk inc covid hosp","quantile",0.975,206
"Ontario",-1,"2025-05-17","2025-05-10","wk inc flu hosp","quantile",0.025,42
"Ontario",-1,"2025-05-17","2025-05-10","wk inc flu hosp","quantile",0.1,46
"Ontario",-1,"2025-05-17","2025-05-10","wk inc flu hosp","quantile",0.25,70
"Ontario",-1,"2025-05-17","2025-05-10","wk inc flu hosp","quantile",0.5,95.5
"Ontario",-1,"2025-05-17","2025-05-10","wk inc flu hosp","quantile",0.75,127
"Ontario",-1,"2025-05-17","2025-05-10","wk inc flu hosp","quantile",0.9,162.5
"Ontario",-1,"2025-05-17","2025-05-10","wk inc flu hosp","quantile",0.975,188
"Ontario",-1,"2025-05-17","2025-05-10","wk inc rsv hosp","quantile",0.025,10
"Ontario",-1,"2025-05-17","2025-05-10","wk inc rsv hosp","quantile",0.1,11.5
"Ontario",-1,"2025-05-17","2025-05-10","wk inc rsv hosp","quantile",0.25,13.5
"Ontario",-1,"2025-05-17","2025-05-10","wk inc rsv hosp","quantile",0.5,26
"Ontario",-1,"2025-05-17","2025-05-10","wk inc rsv hosp","quantile",0.75,38.5
"Ontario",-1,"2025-05-17","2025-05-10","wk inc rsv hosp","quantile",0.9,50
"Ontario",-1,"2025-05-17","2025-05-10","wk inc rsv hosp","quantile",0.975,61.5
"Ontario",0,"2025-05-17","2025-05-17","wk inc covid hosp","quantile",0.025,41.5
"Ontario",0,"2025-05-17","2025-05-17","wk inc covid hosp","quantile",0.1,47
"Ontario",0,"2025-05-17","2025-05-17","wk inc covid hosp","quantile",0.25,79.5
"Ontario",0,"2025-05-17","2025-05-17","wk inc covid hosp","quantile",0.5,113
"Ontario",0,"2025-05-17","2025-05-17","wk inc covid hosp","quantile",0.75,153
"Ontario",0,"2025-05-17","2025-05-17","wk inc covid hosp","quantile",0.9,198
"Ontario",0,"2025-05-17","2025-05-17","wk inc covid hosp","quantile",0.975,300.5
"Ontario",0,"2025-05-17","2025-05-17","wk inc flu hosp","quantile",0.025,34.5
"Ontario",0,"2025-05-17","2025-05-17","wk inc flu hosp","quantile",0.1,38.5
"Ontario",0,"2025-05-17","2025-05-17","wk inc flu hosp","quantile",0.25,61.5
"Ontario",0,"2025-05-17","2025-05-17","wk inc flu hosp","quantile",0.5,89
"Ontario",0,"2025-05-17","2025-05-17","wk inc flu hosp","quantile",0.75,115
"Ontario",0,"2025-05-17","2025-05-17","wk inc flu hosp","quantile",0.9,173.5
"Ontario",0,"2025-05-17","2025-05-17","wk inc flu hosp","quantile",0.975,230
"Ontario",0,"2025-05-17","2025-05-17","wk inc rsv hosp","quantile",0.025,9.5
"Ontario",0,"2025-05-17","2025-05-17","wk inc rsv hosp","quantile",0.1,11
"Ontario",0,"2025-05-17","2025-05-17","wk inc rsv hosp","quantile",0.25,12.5
"Ontario",0,"2025-05-17","2025-05-17","wk inc rsv hosp","quantile",0.5,24
"Ontario",0,"2025-05-17","2025-05-17","wk inc rsv hosp","quantile",0.75,37
"Ontario",0,"2025-05-17","2025-05-17","wk inc rsv hosp","quantile",0.9,49.5
"Ontario",0,"2025-05-17","2025-05-17","wk inc rsv hosp","quantile",0.975,86.5
"Ontario",1,"2025-05-17","2025-05-24","wk inc covid hosp","quantile",0.025,34.5
"Ontario",1,"2025-05-17","2025-05-24","wk inc covid hosp","quantile",0.1,43
"Ontario",1,"2025-05-17","2025-05-24","wk inc covid hosp","quantile",0.25,74.5
"Ontario",1,"2025-05-17","2025-05-24","wk inc covid hosp","quantile",0.5,111
"Ontario",1,"2025-05-17","2025-05-24","wk inc covid hosp","quantile",0.75,160.5
"Ontario",1,"2025-05-17","2025-05-24","wk inc covid hosp","quantile",0.9,223.5
"Ontario",1,"2025-05-17","2025-05-24","wk inc covid hosp","quantile",0.975,345
"Ontario",1,"2025-05-17","2025-05-24","wk inc flu hosp","quantile",0.025,25.5
"Ontario",1,"2025-05-17","2025-05-24","wk inc flu hosp","quantile",0.1,37.5
"Ontario",1,"2025-05-17","2025-05-24","wk inc flu hosp","quantile",0.25,56
"Ontario",1,"2025-05-17","2025-05-24","wk inc flu hosp","quantile",0.5,82
"Ontario",1,"2025-05-17","2025-05-24","wk inc flu hosp","quantile",0.75,121
"Ontario",1,"2025-05-17","2025-05-24","wk inc flu hosp","quantile",0.9,195
"Ontario",1,"2025-05-17","2025-05-24","wk inc flu hosp","quantile",0.975,337
"Ontario",1,"2025-05-17","2025-05-24","wk inc rsv hosp","quantile",0.025,8
"Ontario",1,"2025-05-17","2025-05-24","wk inc rsv hosp","quantile",0.1,9
"Ontario",1,"2025-05-17","2025-05-24","wk inc rsv hosp","quantile",0.25,11
"Ontario",1,"2025-05-17","2025-05-24","wk inc rsv hosp","quantile",0.5,21.5
"Ontario",1,"2025-05-17","2025-05-24","wk inc rsv hosp","quantile",0.75,36.5
"Ontario",1,"2025-05-17","2025-05-24","wk inc rsv hosp","quantile",0.9,56.5
"Ontario",1,"2025-05-17","2025-05-24","wk inc rsv hosp","quantile",0.975,117
"Ontario",2,"2025-05-17","2025-05-31","wk inc covid hosp","quantile",0.025,33
"Ontario",2,"2025-05-17","2025-05-31","wk inc covid hosp","quantile",0.1,39.5
"Ontario",2,"2025-05-17","2025-05-31","wk inc covid hosp","quantile",0.25,69.5
"Ontario",2,"2025-05-17","2025-05-31","wk inc covid hosp","quantile",0.5,104
"Ontario",2,"2025-05-17","2025-05-31","wk inc covid hosp","quantile",0.75,163.5
"Ontario",2,"2025-05-17","2025-05-31","wk inc covid hosp","quantile",0.9,227
"Ontario",2,"2025-05-17","2025-05-31","wk inc covid hosp","quantile",0.975,344
"Ontario",2,"2025-05-17","2025-05-31","wk inc flu hosp","quantile",0.025,22
"Ontario",2,"2025-05-17","2025-05-31","wk inc flu hosp","quantile",0.1,35
"Ontario",2,"2025-05-17","2025-05-31","wk inc flu hosp","quantile",0.25,49
"Ontario",2,"2025-05-17","2025-05-31","wk inc flu hosp","quantile",0.5,72.5
"Ontario",2,"2025-05-17","2025-05-31","wk inc flu hosp","quantile",0.75,115.5
"Ontario",2,"2025-05-17","2025-05-31","wk inc flu hosp","quantile",0.9,195.5
"Ontario",2,"2025-05-17","2025-05-31","wk inc flu hosp","quantile",0.975,526.5
"Ontario",2,"2025-05-17","2025-05-31","wk inc rsv hosp","quantile",0.025,7
"Ontario",2,"2025-05-17","2025-05-31","wk inc rsv hosp","quantile",0.1,8.5
"Ontario",2,"2025-05-17","2025-05-31","wk inc rsv hosp","quantile",0.25,10
"Ontario",2,"2025-05-17","2025-05-31","wk inc rsv hosp","quantile",0.5,22
"Ontario",2,"2025-05-17","2025-05-31","wk inc rsv hosp","quantile",0.75,36
"Ontario",2,"2025-05-17","2025-05-31","wk inc rsv hosp","quantile",0.9,60.5
"Ontario",2,"2025-05-17","2025-05-31","wk inc rsv hosp","quantile",0.975,152.5
"Ontario",3,"2025-05-17","2025-06-07","wk inc covid hosp","quantile",0.025,27
"Ontario",3,"2025-05-17","2025-06-07","wk inc covid hosp","quantile",0.1,36
"Ontario",3,"2025-05-17","2025-06-07","wk inc covid hosp","quantile",0.25,59.5
"Ontario",3,"2025-05-17","2025-06-07","wk inc covid hosp","quantile",0.5,102
"Ontario",3,"2025-05-17","2025-06-07","wk inc covid hosp","quantile",0.75,166.5
"Ontario",3,"2025-05-17","2025-06-07","wk inc covid hosp","quantile",0.9,278
"Ontario",3,"2025-05-17","2025-06-07","wk inc covid hosp","quantile",0.975,6440
"Ontario",3,"2025-05-17","2025-06-07","wk inc flu hosp","quantile",0.025,21.5
"Ontario",3,"2025-05-17","2025-06-07","wk inc flu hosp","quantile",0.1,31
"Ontario",3,"2025-05-17","2025-06-07","wk inc flu hosp","quantile",0.25,44.5
"Ontario",3,"2025-05-17","2025-06-07","wk inc flu hosp","quantile",0.5,67.5
"Ontario",3,"2025-05-17","2025-06-07","wk inc flu hosp","quantile",0.75,124.5
"Ontario",3,"2025-05-17","2025-06-07","wk inc flu hosp","quantile",0.9,233
"Ontario",3,"2025-05-17","2025-06-07","wk inc flu hosp","quantile",0.975,876
"Ontario",3,"2025-05-17","2025-06-07","wk inc rsv hosp","quantile",0.025,6
"Ontario",3,"2025-05-17","2025-06-07","wk inc rsv hosp","quantile",0.1,7.5
"Ontario",3,"2025-05-17","2025-06-07","wk inc rsv hosp","quantile",0.25,9.5
"Ontario",3,"2025-05-17","2025-06-07","wk inc rsv hosp","quantile",0.5,17.5
"Ontario",3,"2025-05-17","2025-06-07","wk inc rsv hosp","quantile",0.75,38
"Ontario",3,"2025-05-17","2025-06-07","wk inc rsv hosp","quantile",0.9,65
"Ontario",3,"2025-05-17","2025-06-07","wk inc rsv hosp","quantile",0.975,202.5
"Toronto",-1,"2025-05-17","2025-05-10","wk inc covid hosp","quantile",0.025,11
"Toronto",-1,"2025-05-17","2025-05-10","wk inc covid hosp","quantile",0.1,17
"Toronto",-1,"2025-05-17","2025-05-10","wk inc covid hosp","quantile",0.25,23.5
"Toronto",-1,"2025-05-17","2025-05-10","wk inc covid hosp","quantile",0.5,31
"Toronto",-1,"2025-05-17","2025-05-10","wk inc covid hosp","quantile",0.75,38.5
"Toronto",-1,"2025-05-17","2025-05-10","wk inc covid hosp","quantile",0.9,46.5
"Toronto",-1,"2025-05-17","2025-05-10","wk inc covid hosp","quantile",0.975,56
"Toronto",-1,"2025-05-17","2025-05-10","wk inc flu hosp","quantile",0.025,10.5
"Toronto",-1,"2025-05-17","2025-05-10","wk inc flu hosp","quantile",0.1,11
"Toronto",-1,"2025-05-17","2025-05-10","wk inc flu hosp","quantile",0.25,17.5
"Toronto",-1,"2025-05-17","2025-05-10","wk inc flu hosp","quantile",0.5,24.5
"Toronto",-1,"2025-05-17","2025-05-10","wk inc flu hosp","quantile",0.75,32.5
"Toronto",-1,"2025-05-17","2025-05-10","wk inc flu hosp","quantile",0.9,40.5
"Toronto",-1,"2025-05-17","2025-05-10","wk inc flu hosp","quantile",0.975,50.5
"Toronto",-1,"2025-05-17","2025-05-10","wk inc rsv hosp","quantile",0.025,4
"Toronto",-1,"2025-05-17","2025-05-10","wk inc rsv hosp","quantile",0.1,4.5
"Toronto",-1,"2025-05-17","2025-05-10","wk inc rsv hosp","quantile",0.25,6
"Toronto",-1,"2025-05-17","2025-05-10","wk inc rsv hosp","quantile",0.5,10
"Toronto",-1,"2025-05-17","2025-05-10","wk inc rsv hosp","quantile",0.75,14
"Toronto",-1,"2025-05-17","2025-05-10","wk inc rsv hosp","quantile",0.9,17
"Toronto",-1,"2025-05-17","2025-05-10","wk inc rsv hosp","quantile",0.975,21
"Toronto",0,"2025-05-17","2025-05-17","wk inc covid hosp","quantile",0.025,9.5
"Toronto",0,"2025-05-17","2025-05-17","wk inc covid hosp","quantile",0.1,12.5
"Toronto",0,"2025-05-17","2025-05-17","wk inc covid hosp","quantile",0.25,19
"Toronto",0,"2025-05-17","2025-05-17","wk inc covid hosp","quantile",0.5,26.5
"Toronto",0,"2025-05-17","2025-05-17","wk inc covid hosp","quantile",0.75,35.5
"Toronto",0,"2025-05-17","2025-05-17","wk inc covid hosp","quantile",0.9,46.5
"Toronto",0,"2025-05-17","2025-05-17","wk inc covid hosp","quantile",0.975,65.5
"Toronto",0,"2025-05-17","2025-05-17","wk inc flu hosp","quantile",0.025,8
"Toronto",0,"2025-05-17","2025-05-17","wk inc flu hosp","quantile",0.1,8
"Toronto",0,"2025-05-17","2025-05-17","wk inc flu hosp","quantile",0.25,13
"Toronto",0,"2025-05-17","2025-05-17","wk inc flu hosp","quantile",0.5,19.5
"Toronto",0,"2025-05-17","2025-05-17","wk inc flu hosp","quantile",0.75,27
"Toronto",0,"2025-05-17","2025-05-17","wk inc flu hosp","quantile",0.9,37.5
"Toronto",0,"2025-05-17","2025-05-17","wk inc flu hosp","quantile",0.975,50.5
"Toronto",0,"2025-05-17","2025-05-17","wk inc rsv hosp","quantile",0.025,3.5
"Toronto",0,"2025-05-17","2025-05-17","wk inc rsv hosp","quantile",0.1,3.5
"Toronto",0,"2025-05-17","2025-05-17","wk inc rsv hosp","quantile",0.25,5
"Toronto",0,"2025-05-17","2025-05-17","wk inc rsv hosp","quantile",0.5,8.5
"Toronto",0,"2025-05-17","2025-05-17","wk inc rsv hosp","quantile",0.75,12.5
"Toronto",0,"2025-05-17","2025-05-17","wk inc rsv hosp","quantile",0.9,16.5
"Toronto",0,"2025-05-17","2025-05-17","wk inc rsv hosp","quantile",0.975,23
"Toronto",1,"2025-05-17","2025-05-24","wk inc covid hosp","quantile",0.025,8.5
"Toronto",1,"2025-05-17","2025-05-24","wk inc covid hosp","quantile",0.1,11.5
"Toronto",1,"2025-05-17","2025-05-24","wk inc covid hosp","quantile",0.25,18.5
"Toronto",1,"2025-05-17","2025-05-24","wk inc covid hosp","quantile",0.5,27
"Toronto",1,"2025-05-17","2025-05-24","wk inc covid hosp","quantile",0.75,37
"Toronto",1,"2025-05-17","2025-05-24","wk inc covid hosp","quantile",0.9,49.5
"Toronto",1,"2025-05-17","2025-05-24","wk inc covid hosp","quantile",0.975,75
"Toronto",1,"2025-05-17","2025-05-24","wk inc flu hosp","quantile",0.025,6.5
"Toronto",1,"2025-05-17","2025-05-24","wk inc flu hosp","quantile",0.1,9
"Toronto",1,"2025-05-17","2025-05-24","wk inc flu hosp","quantile",0.25,12.5
"Toronto",1,"2025-05-17","2025-05-24","wk inc flu hosp","quantile",0.5,18
"Toronto",1,"2025-05-17","2025-05-24","wk inc flu hosp","quantile",0.75,25
"Toronto",1,"2025-05-17","2025-05-24","wk inc flu hosp","quantile",0.9,40
"Toronto",1,"2025-05-17","2025-05-24","wk inc flu hosp","quantile",0.975,63.5
"Toronto",1,"2025-05-17","2025-05-24","wk inc rsv hosp","quantile",0.025,3
"Toronto",1,"2025-05-17","2025-05-24","wk inc rsv hosp","quantile",0.1,3.5
"Toronto",1,"2025-05-17","2025-05-24","wk inc rsv hosp","quantile",0.25,4
"Toronto",1,"2025-05-17","2025-05-24","wk inc rsv hosp","quantile",0.5,8
"Toronto",1,"2025-05-17","2025-05-24","wk inc rsv hosp","quantile",0.75,11
"Toronto",1,"2025-05-17","2025-05-24","wk inc rsv hosp","quantile",0.9,18.5
"Toronto",1,"2025-05-17","2025-05-24","wk inc rsv hosp","quantile",0.975,34
"Toronto",2,"2025-05-17","2025-05-31","wk inc covid hosp","quantile",0.025,7
"Toronto",2,"2025-05-17","2025-05-31","wk inc covid hosp","quantile",0.1,10
"Toronto",2,"2025-05-17","2025-05-31","wk inc covid hosp","quantile",0.25,16.5
"Toronto",2,"2025-05-17","2025-05-31","wk inc covid hosp","quantile",0.5,25.5
"Toronto",2,"2025-05-17","2025-05-31","wk inc covid hosp","quantile",0.75,38
"Toronto",2,"2025-05-17","2025-05-31","wk inc covid hosp","quantile",0.9,54
"Toronto",2,"2025-05-17","2025-05-31","wk inc covid hosp","quantile",0.975,72
"Toronto",2,"2025-05-17","2025-05-31","wk inc flu hosp","quantile",0.025,5
"Toronto",2,"2025-05-17","2025-05-31","wk inc flu hosp","quantile",0.1,9
"Toronto",2,"2025-05-17","2025-05-31","wk inc flu hosp","quantile",0.25,11
"Toronto",2,"2025-05-17","2025-05-31","wk inc flu hosp","quantile",0.5,16.5
"Toronto",2,"2025-05-17","2025-05-31","wk inc flu hosp","quantile",0.75,23
"Toronto",2,"2025-05-17","2025-05-31","wk inc flu hosp","quantile",0.9,38
"Toronto",2,"2025-05-17","2025-05-31","wk inc flu hosp","quantile",0.975,104.5
"Toronto",2,"2025-05-17","2025-05-31","wk inc rsv hosp","quantile",0.025,3
"Toronto",2,"2025-05-17","2025-05-31","wk inc rsv hosp","quantile",0.1,3
"Toronto",2,"2025-05-17","2025-05-31","wk inc rsv hosp","quantile",0.25,4
"Toronto",2,"2025-05-17","2025-05-31","wk inc rsv hosp","quantile",0.5,7.5
"Toronto",2,"2025-05-17","2025-05-31","wk inc rsv hosp","quantile",0.75,11.5
"Toronto",2,"2025-05-17","2025-05-31","wk inc rsv hosp","quantile",0.9,19
"Toronto",2,"2025-05-17","2025-05-31","wk inc rsv hosp","quantile",0.975,49.5
"Toronto",3,"2025-05-17","2025-06-07","wk inc covid hosp","quantile",0.025,5
"Toronto",3,"2025-05-17","2025-06-07","wk inc covid hosp","quantile",0.1,9.5
"Toronto",3,"2025-05-17","2025-06-07","wk inc covid hosp","quantile",0.25,15.5
"Toronto",3,"2025-05-17","2025-06-07","wk inc covid hosp","quantile",0.5,25
"Toronto",3,"2025-05-17","2025-06-07","wk inc covid hosp","quantile",0.75,42.5
"Toronto",3,"2025-05-17","2025-06-07","wk inc covid hosp","quantile",0.9,64.5
"Toronto",3,"2025-05-17","2025-06-07","wk inc covid hosp","quantile",0.975,114.5
"Toronto",3,"2025-05-17","2025-06-07","wk inc flu hosp","quantile",0.025,5
"Toronto",3,"2025-05-17","2025-06-07","wk inc flu hosp","quantile",0.1,7
"Toronto",3,"2025-05-17","2025-06-07","wk inc flu hosp","quantile",0.25,10
"Toronto",3,"2025-05-17","2025-06-07","wk inc flu hosp","quantile",0.5,16
"Toronto",3,"2025-05-17","2025-06-07","wk inc flu hosp","quantile",0.75,26
"Toronto",3,"2025-05-17","2025-06-07","wk inc flu hosp","quantile",0.9,45
"Toronto",3,"2025-05-17","2025-06-07","wk inc flu hosp","quantile",0.975,224
"Toronto",3,"2025-05-17","2025-06-07","wk inc rsv hosp","quantile",0.025,2.5
"Toronto",3,"2025-05-17","2025-06-07","wk inc rsv hosp","quantile",0.1,3
"Toronto",3,"2025-05-17","2025-06-07","wk inc rsv hosp","quantile",0.25,3
"Toronto",3,"2025-05-17","2025-06-07","wk inc rsv hosp","quantile",0.5,6
"Toronto",3,"2025-05-17","2025-06-07","wk inc rsv hosp","quantile",0.75,10.5
"Toronto",3,"2025-05-17","2025-06-07","wk inc rsv hosp","quantile",0.9,18.5
"Toronto",3,"2025-05-17","2025-06-07","wk inc rsv hosp","quantile",0.975,68
"West",-1,"2025-05-17","2025-05-10","wk inc covid hosp","quantile",0.025,12.5
"West",-1,"2025-05-17","2025-05-10","wk inc covid hosp","quantile",0.1,13.5
"West",-1,"2025-05-17","2025-05-10","wk inc covid hosp","quantile",0.25,19.5
"West",-1,"2025-05-17","2025-05-10","wk inc covid hosp","quantile",0.5,28.5
"West",-1,"2025-05-17","2025-05-10","wk inc covid hosp","quantile",0.75,37
"West",-1,"2025-05-17","2025-05-10","wk inc covid hosp","quantile",0.9,46.5
"West",-1,"2025-05-17","2025-05-10","wk inc covid hosp","quantile",0.975,58
"West",-1,"2025-05-17","2025-05-10","wk inc flu hosp","quantile",0.025,10
"West",-1,"2025-05-17","2025-05-10","wk inc flu hosp","quantile",0.1,10
"West",-1,"2025-05-17","2025-05-10","wk inc flu hosp","quantile",0.25,14.5
"West",-1,"2025-05-17","2025-05-10","wk inc flu hosp","quantile",0.5,21
"West",-1,"2025-05-17","2025-05-10","wk inc flu hosp","quantile",0.75,29
"West",-1,"2025-05-17","2025-05-10","wk inc flu hosp","quantile",0.9,36.5
"West",-1,"2025-05-17","2025-05-10","wk inc flu hosp","quantile",0.975,45.5
"West",-1,"2025-05-17","2025-05-10","wk inc rsv hosp","quantile",0.025,1
"West",-1,"2025-05-17","2025-05-10","wk inc rsv hosp","quantile",0.1,1.5
"West",-1,"2025-05-17","2025-05-10","wk inc rsv hosp","quantile",0.25,1.5
"West",-1,"2025-05-17","2025-05-10","wk inc rsv hosp","quantile",0.5,3
"West",-1,"2025-05-17","2025-05-10","wk inc rsv hosp","quantile",0.75,8
"West",-1,"2025-05-17","2025-05-10","wk inc rsv hosp","quantile",0.9,11
"West",-1,"2025-05-17","2025-05-10","wk inc rsv hosp","quantile",0.975,14.5
"West",0,"2025-05-17","2025-05-17","wk inc covid hosp","quantile",0.025,10.5
"West",0,"2025-05-17","2025-05-17","wk inc covid hosp","quantile",0.1,12.5
"West",0,"2025-05-17","2025-05-17","wk inc covid hosp","quantile",0.25,18.5
"West",0,"2025-05-17","2025-05-17","wk inc covid hosp","quantile",0.5,26.5
"West",0,"2025-05-17","2025-05-17","wk inc covid hosp","quantile",0.75,36.5
"West",0,"2025-05-17","2025-05-17","wk inc covid hosp","quantile",0.9,47.5
"West",0,"2025-05-17","2025-05-17","wk inc covid hosp","quantile",0.975,73
"West",0,"2025-05-17","2025-05-17","wk inc flu hosp","quantile",0.025,8
"West",0,"2025-05-17","2025-05-17","wk inc flu hosp","quantile",0.1,8
"West",0,"2025-05-17","2025-05-17","wk inc flu hosp","quantile",0.25,13.5
"West",0,"2025-05-17","2025-05-17","wk inc flu hosp","quantile",0.5,19
"West",0,"2025-05-17","2025-05-17","wk inc flu hosp","quantile",0.75,26
"West",0,"2025-05-17","2025-05-17","wk inc flu hosp","quantile",0.9,36
"West",0,"2025-05-17","2025-05-17","wk inc flu hosp","quantile",0.975,48.5
"West",0,"2025-05-17","2025-05-17","wk inc rsv hosp","quantile",0.025,1
"West",0,"2025-05-17","2025-05-17","wk inc rsv hosp","quantile",0.1,1.5
"West",0,"2025-05-17","2025-05-17","wk inc rsv hosp","quantile",0.25,1.5
"West",0,"2025-05-17","2025-05-17","wk inc rsv hosp","quantile",0.5,3.5
"West",0,"2025-05-17","2025-05-17","wk inc rsv hosp","quantile",0.75,10.5
"West",0,"2025-05-17","2025-05-17","wk inc rsv hosp","quantile",0.9,13
"West",0,"2025-05-17","2025-05-17","wk inc rsv hosp","quantile",0.975,16.5
"West",1,"2025-05-17","2025-05-24","wk inc covid hosp","quantile",0.025,9
"West",1,"2025-05-17","2025-05-24","wk inc covid hosp","quantile",0.1,12
"West",1,"2025-05-17","2025-05-24","wk inc covid hosp","quantile",0.25,17
"West",1,"2025-05-17","2025-05-24","wk inc covid hosp","quantile",0.5,25.5
"West",1,"2025-05-17","2025-05-24","wk inc covid hosp","quantile",0.75,33.5
"West",1,"2025-05-17","2025-05-24","wk inc covid hosp","quantile",0.9,50.5
"West",1,"2025-05-17","2025-05-24","wk inc covid hosp","quantile",0.975,78.5
"West",1,"2025-05-17","2025-05-24","wk inc flu hosp","quantile",0.025,5.5
"West",1,"2025-05-17","2025-05-24","wk inc flu hosp","quantile",0.1,6.5
"West",1,"2025-05-17","2025-05-24","wk inc flu hosp","quantile",0.25,12.5
"West",1,"2025-05-17","2025-05-24","wk inc flu hosp","quantile",0.5,17.5
"West",1,"2025-05-17","2025-05-24","wk inc flu hosp","quantile",0.75,24
"West",1,"2025-05-17","2025-05-24","wk inc flu hosp","quantile",0.9,37
"West",1,"2025-05-17","2025-05-24","wk inc flu hosp","quantile",0.975,59.5
"West",1,"2025-05-17","2025-05-24","wk inc rsv hosp","quantile",0.025,1
"West",1,"2025-05-17","2025-05-24","wk inc rsv hosp","quantile",0.1,1
"West",1,"2025-05-17","2025-05-24","wk inc rsv hosp","quantile",0.25,1.5
"West",1,"2025-05-17","2025-05-24","wk inc rsv hosp","quantile",0.5,3
"West",1,"2025-05-17","2025-05-24","wk inc rsv hosp","quantile",0.75,12
"West",1,"2025-05-17","2025-05-24","wk inc rsv hosp","quantile",0.9,14.5
"West",1,"2025-05-17","2025-05-24","wk inc rsv hosp","quantile",0.975,18
"West",2,"2025-05-17","2025-05-31","wk inc covid hosp","quantile",0.025,9
"West",2,"2025-05-17","2025-05-31","wk inc covid hosp","quantile",0.1,10
"West",2,"2025-05-17","2025-05-31","wk inc covid hosp","quantile",0.25,16
"West",2,"2025-05-17","2025-05-31","wk inc covid hosp","quantile",0.5,24.5
"West",2,"2025-05-17","2025-05-31","wk inc covid hosp","quantile",0.75,33
"West",2,"2025-05-17","2025-05-31","wk inc covid hosp","quantile",0.9,53.5
"West",2,"2025-05-17","2025-05-31","wk inc covid hosp","quantile",0.975,74.5
"West",2,"2025-05-17","2025-05-31","wk inc flu hosp","quantile",0.025,5
"West",2,"2025-05-17","2025-05-31","wk inc flu hosp","quantile",0.1,6
"West",2,"2025-05-17","2025-05-31","wk inc flu hosp","quantile",0.25,10.5
"West",2,"2025-05-17","2025-05-31","wk inc flu hosp","quantile",0.5,16
"West",2,"2025-05-17","2025-05-31","wk inc flu hosp","quantile",0.75,21.5
"West",2,"2025-05-17","2025-05-31","wk inc flu hosp","quantile",0.9,35.5
"West",2,"2025-05-17","2025-05-31","wk inc flu hosp","quantile",0.975,99.5
"West",2,"2025-05-17","2025-05-31","wk inc rsv hosp","quantile",0.025,1
"West",2,"2025-05-17","2025-05-31","wk inc rsv hosp","quantile",0.1,1
"West",2,"2025-05-17","2025-05-31","wk inc rsv hosp","quantile",0.25,1.5
"West",2,"2025-05-17","2025-05-31","wk inc rsv hosp","quantile",0.5,3.5
"West",2,"2025-05-17","2025-05-31","wk inc rsv hosp","quantile",0.75,12.5
"West",2,"2025-05-17","2025-05-31","wk inc rsv hosp","quantile",0.9,15
"West",2,"2025-05-17","2025-05-31","wk inc rsv hosp","quantile",0.975,19
"West",3,"2025-05-17","2025-06-07","wk inc covid hosp","quantile",0.025,7
"West",3,"2025-05-17","2025-06-07","wk inc covid hosp","quantile",0.1,8.5
"West",3,"2025-05-17","2025-06-07","wk inc covid hosp","quantile",0.25,16.5
"West",3,"2025-05-17","2025-06-07","wk inc covid hosp","quantile",0.5,24.5
"West",3,"2025-05-17","2025-06-07","wk inc covid hosp","quantile",0.75,44
"West",3,"2025-05-17","2025-06-07","wk inc covid hosp","quantile",0.9,100
"West",3,"2025-05-17","2025-06-07","wk inc covid hosp","quantile",0.975,3096
"West",3,"2025-05-17","2025-06-07","wk inc flu hosp","quantile",0.025,5
"West",3,"2025-05-17","2025-06-07","wk inc flu hosp","quantile",0.1,5
"West",3,"2025-05-17","2025-06-07","wk inc flu hosp","quantile",0.25,10.5
"West",3,"2025-05-17","2025-06-07","wk inc flu hosp","quantile",0.5,15.5
"West",3,"2025-05-17","2025-06-07","wk inc flu hosp","quantile",0.75,24.5
"West",3,"2025-05-17","2025-06-07","wk inc flu hosp","quantile",0.9,36.5
"West",3,"2025-05-17","2025-06-07","wk inc flu hosp","quantile",0.975,193
"West",3,"2025-05-17","2025-06-07","wk inc rsv hosp","quantile",0.025,0.5
"West",3,"2025-05-17","2025-06-07","wk inc rsv hosp","quantile",0.1,1
"West",3,"2025-05-17","2025-06-07","wk inc rsv hosp","quantile",0.25,1.5
"West",3,"2025-05-17","2025-06-07","wk inc rsv hosp","quantile",0.5,3.5
"West",3,"2025-05-17","2025-06-07","wk inc rsv hosp","quantile",0.75,14
"West",3,"2025-05-17","2025-06-07","wk inc rsv hosp","quantile",0.9,16.5
"West",3,"2025-05-17","2025-06-07","wk inc rsv hosp","quantile",0.975,23
