reference_date,horizon,target_end_date,target,location,output_type,output_type_id,value
2025-12-13,-1,2025-12-06,wk inc covid hosp,Central,quantile,0.025,38.83
2025-12-13,-1,2025-12-06,wk inc covid hosp,Central,quantile,0.1,42.33
2025-12-13,-1,2025-12-06,wk inc covid hosp,Central,quantile,0.25,48.18
2025-12-13,-1,2025-12-06,wk inc covid hosp,Central,quantile,0.5,55.1
2025-12-13,-1,2025-12-06,wk inc covid hosp,Central,quantile,0.75,57.01
2025-12-13,-1,2025-12-06,wk inc covid hosp,Central,quantile,0.9,58.73
2025-12-13,-1,2025-12-06,wk inc covid hosp,Central,quantile,0.975,70.63
2025-12-13,0,2025-12-13,wk inc covid hosp,Central,quantile,0.025,38.05
2025-12-13,0,2025-12-13,wk inc covid hosp,Central,quantile,0.1,39.76
2025-12-13,0,2025-12-13,wk inc covid hosp,Central,quantile,0.25,45.31
2025-12-13,0,2025-12-13,wk inc covid hosp,Central,quantile,0.5,51.99
2025-12-13,0,2025-12-13,wk inc covid hosp,Central,quantile,0.75,54.75
2025-12-13,0,2025-12-13,wk inc covid hosp,Central,quantile,0.9,57.12
2025-12-13,0,2025-12-13,wk inc covid hosp,Central,quantile,0.975,69.1
2025-12-13,1,2025-12-20,wk inc covid hosp,Central,quantile,0.025,40.31
2025-12-13,1,2025-12-20,wk inc covid hosp,Central,quantile,0.1,42.23
2025-12-13,1,2025-12-20,wk inc covid hosp,Central,quantile,0.25,46.89
2025-12-13,1,2025-12-20,wk inc covid hosp,Central,quantile,0.5,50.96
2025-12-13,1,2025-12-20,wk inc covid hosp,Central,quantile,0.75,52.98
2025-12-13,1,2025-12-20,wk inc covid hosp,Central,quantile,0.9,57.59
2025-12-13,1,2025-12-20,wk inc covid hosp,Central,quantile,0.975,70.63
2025-12-13,2,2025-12-27,wk inc covid hosp,Central,quantile,0.025,39.84
2025-12-13,2,2025-12-27,wk inc covid hosp,Central,quantile,0.1,42.24
2025-12-13,2,2025-12-27,wk inc covid hosp,Central,quantile,0.25,48.14
2025-12-13,2,2025-12-27,wk inc covid hosp,Central,quantile,0.5,51.29
2025-12-13,2,2025-12-27,wk inc covid hosp,Central,quantile,0.75,53.38
2025-12-13,2,2025-12-27,wk inc covid hosp,Central,quantile,0.9,58.94
2025-12-13,2,2025-12-27,wk inc covid hosp,Central,quantile,0.975,72.16
2025-12-13,3,2026-01-03,wk inc covid hosp,Central,quantile,0.025,38.8
2025-12-13,3,2026-01-03,wk inc covid hosp,Central,quantile,0.1,41.07
2025-12-13,3,2026-01-03,wk inc covid hosp,Central,quantile,0.25,44.44
2025-12-13,3,2026-01-03,wk inc covid hosp,Central,quantile,0.5,50.01
2025-12-13,3,2026-01-03,wk inc covid hosp,Central,quantile,0.75,54.29
2025-12-13,3,2026-01-03,wk inc covid hosp,Central,quantile,0.9,60.88
2025-12-13,3,2026-01-03,wk inc covid hosp,Central,quantile,0.975,73.72
2025-12-13,-1,2025-12-06,wk inc covid hosp,East,quantile,0.025,26.31
2025-12-13,-1,2025-12-06,wk inc covid hosp,East,quantile,0.1,32.35
2025-12-13,-1,2025-12-06,wk inc covid hosp,East,quantile,0.25,43.28
2025-12-13,-1,2025-12-06,wk inc covid hosp,East,quantile,0.5,53.32
2025-12-13,-1,2025-12-06,wk inc covid hosp,East,quantile,0.75,58.32
2025-12-13,-1,2025-12-06,wk inc covid hosp,East,quantile,0.9,62.82
2025-12-13,-1,2025-12-06,wk inc covid hosp,East,quantile,0.975,70.35
2025-12-13,0,2025-12-13,wk inc covid hosp,East,quantile,0.025,21.92
2025-12-13,0,2025-12-13,wk inc covid hosp,East,quantile,0.1,26.42
2025-12-13,0,2025-12-13,wk inc covid hosp,East,quantile,0.25,35.82
2025-12-13,0,2025-12-13,wk inc covid hosp,East,quantile,0.5,42.69
2025-12-13,0,2025-12-13,wk inc covid hosp,East,quantile,0.75,47.17
2025-12-13,0,2025-12-13,wk inc covid hosp,East,quantile,0.9,51.2
2025-12-13,0,2025-12-13,wk inc covid hosp,East,quantile,0.975,61.75
2025-12-13,1,2025-12-20,wk inc covid hosp,East,quantile,0.025,27.44
2025-12-13,1,2025-12-20,wk inc covid hosp,East,quantile,0.1,32.47
2025-12-13,1,2025-12-20,wk inc covid hosp,East,quantile,0.25,42.2
2025-12-13,1,2025-12-20,wk inc covid hosp,East,quantile,0.5,50.11
2025-12-13,1,2025-12-20,wk inc covid hosp,East,quantile,0.75,55.11
2025-12-13,1,2025-12-20,wk inc covid hosp,East,quantile,0.9,60.82
2025-12-13,1,2025-12-20,wk inc covid hosp,East,quantile,0.975,70.35
2025-12-13,2,2025-12-27,wk inc covid hosp,East,quantile,0.025,34.02
2025-12-13,2,2025-12-27,wk inc covid hosp,East,quantile,0.1,39.53
2025-12-13,2,2025-12-27,wk inc covid hosp,East,quantile,0.25,49.17
2025-12-13,2,2025-12-27,wk inc covid hosp,East,quantile,0.5,57.8
2025-12-13,2,2025-12-27,wk inc covid hosp,East,quantile,0.75,63.29
2025-12-13,2,2025-12-27,wk inc covid hosp,East,quantile,0.9,71.44
2025-12-13,2,2025-12-27,wk inc covid hosp,East,quantile,0.975,81.45
2025-12-13,3,2026-01-03,wk inc covid hosp,East,quantile,0.025,41.55
2025-12-13,3,2026-01-03,wk inc covid hosp,East,quantile,0.1,47.51
2025-12-13,3,2026-01-03,wk inc covid hosp,East,quantile,0.25,57.03
2025-12-13,3,2026-01-03,wk inc covid hosp,East,quantile,0.5,67.6
2025-12-13,3,2026-01-03,wk inc covid hosp,East,quantile,0.75,76.49
2025-12-13,3,2026-01-03,wk inc covid hosp,East,quantile,0.9,85.64
2025-12-13,3,2026-01-03,wk inc covid hosp,East,quantile,0.975,96.11
2025-12-13,-1,2025-12-06,wk inc covid hosp,North East,quantile,0.025,9.66
2025-12-13,-1,2025-12-06,wk inc covid hosp,North East,quantile,0.1,10.47
2025-12-13,-1,2025-12-06,wk inc covid hosp,North East,quantile,0.25,13.1
2025-12-13,-1,2025-12-06,wk inc covid hosp,North East,quantile,0.5,14.26
2025-12-13,-1,2025-12-06,wk inc covid hosp,North East,quantile,0.75,15.07
2025-12-13,-1,2025-12-06,wk inc covid hosp,North East,quantile,0.9,15.82
2025-12-13,-1,2025-12-06,wk inc covid hosp,North East,quantile,0.975,16.64
2025-12-13,0,2025-12-13,wk inc covid hosp,North East,quantile,0.025,9.29
2025-12-13,0,2025-12-13,wk inc covid hosp,North East,quantile,0.1,10.02
2025-12-13,0,2025-12-13,wk inc covid hosp,North East,quantile,0.25,12.5
2025-12-13,0,2025-12-13,wk inc covid hosp,North East,quantile,0.5,14.64
2025-12-13,0,2025-12-13,wk inc covid hosp,North East,quantile,0.75,15.48
2025-12-13,0,2025-12-13,wk inc covid hosp,North East,quantile,0.9,16.3
2025-12-13,0,2025-12-13,wk inc covid hosp,North East,quantile,0.975,17.03
2025-12-13,1,2025-12-20,wk inc covid hosp,North East,quantile,0.025,9.71
2025-12-13,1,2025-12-20,wk inc covid hosp,North East,quantile,0.1,10.57
2025-12-13,1,2025-12-20,wk inc covid hosp,North East,quantile,0.25,13.07
2025-12-13,1,2025-12-20,wk inc covid hosp,North East,quantile,0.5,16.31
2025-12-13,1,2025-12-20,wk inc covid hosp,North East,quantile,0.75,17.52
2025-12-13,1,2025-12-20,wk inc covid hosp,North East,quantile,0.9,18.25
2025-12-13,1,2025-12-20,wk inc covid hosp,North East,quantile,0.975,19.05
2025-12-13,2,2025-12-27,wk inc covid hosp,North East,quantile,0.025,10.19
2025-12-13,2,2025-12-27,wk inc covid hosp,North East,quantile,0.1,11.13
2025-12-13,2,2025-12-27,wk inc covid hosp,North East,quantile,0.25,13.7
2025-12-13,2,2025-12-27,wk inc covid hosp,North East,quantile,0.5,17.01
2025-12-13,2,2025-12-27,wk inc covid hosp,North East,quantile,0.75,18.3
2025-12-13,2,2025-12-27,wk inc covid hosp,North East,quantile,0.9,19.1
2025-12-13,2,2025-12-27,wk inc covid hosp,North East,quantile,0.975,19.98
2025-12-13,3,2026-01-03,wk inc covid hosp,North East,quantile,0.025,10.79
2025-12-13,3,2026-01-03,wk inc covid hosp,North East,quantile,0.1,11.8
2025-12-13,3,2026-01-03,wk inc covid hosp,North East,quantile,0.25,14.46
2025-12-13,3,2026-01-03,wk inc covid hosp,North East,quantile,0.5,17.6
2025-12-13,3,2026-01-03,wk inc covid hosp,North East,quantile,0.75,19.08
2025-12-13,3,2026-01-03,wk inc covid hosp,North East,quantile,0.9,19.93
2025-12-13,3,2026-01-03,wk inc covid hosp,North East,quantile,0.975,20.89
2025-12-13,-1,2025-12-06,wk inc covid hosp,North West,quantile,0.025,1.21
2025-12-13,-1,2025-12-06,wk inc covid hosp,North West,quantile,0.1,1.55
2025-12-13,-1,2025-12-06,wk inc covid hosp,North West,quantile,0.25,2.54
2025-12-13,-1,2025-12-06,wk inc covid hosp,North West,quantile,0.5,2.87
2025-12-13,-1,2025-12-06,wk inc covid hosp,North West,quantile,0.75,3.21
2025-12-13,-1,2025-12-06,wk inc covid hosp,North West,quantile,0.9,3.51
2025-12-13,-1,2025-12-06,wk inc covid hosp,North West,quantile,0.975,3.85
2025-12-13,0,2025-12-13,wk inc covid hosp,North West,quantile,0.025,0.71
2025-12-13,0,2025-12-13,wk inc covid hosp,North West,quantile,0.1,1.01
2025-12-13,0,2025-12-13,wk inc covid hosp,North West,quantile,0.25,1.32
2025-12-13,0,2025-12-13,wk inc covid hosp,North West,quantile,0.5,1.62
2025-12-13,0,2025-12-13,wk inc covid hosp,North West,quantile,0.75,1.92
2025-12-13,0,2025-12-13,wk inc covid hosp,North West,quantile,0.9,3.07
2025-12-13,0,2025-12-13,wk inc covid hosp,North West,quantile,0.975,3.37
2025-12-13,1,2025-12-20,wk inc covid hosp,North West,quantile,0.025,0.97
2025-12-13,1,2025-12-20,wk inc covid hosp,North West,quantile,0.1,1.3
2025-12-13,1,2025-12-20,wk inc covid hosp,North West,quantile,0.25,1.63
2025-12-13,1,2025-12-20,wk inc covid hosp,North West,quantile,0.5,2.1
2025-12-13,1,2025-12-20,wk inc covid hosp,North West,quantile,0.75,2.43
2025-12-13,1,2025-12-20,wk inc covid hosp,North West,quantile,0.9,3.51
2025-12-13,1,2025-12-20,wk inc covid hosp,North West,quantile,0.975,3.85
2025-12-13,2,2025-12-27,wk inc covid hosp,North West,quantile,0.025,1.32
2025-12-13,2,2025-12-27,wk inc covid hosp,North West,quantile,0.1,1.69
2025-12-13,2,2025-12-27,wk inc covid hosp,North West,quantile,0.25,2.08
2025-12-13,2,2025-12-27,wk inc covid hosp,North West,quantile,0.5,2.51
2025-12-13,2,2025-12-27,wk inc covid hosp,North West,quantile,0.75,2.89
2025-12-13,2,2025-12-27,wk inc covid hosp,North West,quantile,0.9,4.08
2025-12-13,2,2025-12-27,wk inc covid hosp,North West,quantile,0.975,4.46
2025-12-13,3,2026-01-03,wk inc covid hosp,North West,quantile,0.025,1.95
2025-12-13,3,2026-01-03,wk inc covid hosp,North West,quantile,0.1,2.35
2025-12-13,3,2026-01-03,wk inc covid hosp,North West,quantile,0.25,2.79
2025-12-13,3,2026-01-03,wk inc covid hosp,North West,quantile,0.5,3.24
2025-12-13,3,2026-01-03,wk inc covid hosp,North West,quantile,0.75,3.64
2025-12-13,3,2026-01-03,wk inc covid hosp,North West,quantile,0.9,4.85
2025-12-13,3,2026-01-03,wk inc covid hosp,North West,quantile,0.975,5.25
2025-12-13,-1,2025-12-06,wk inc covid hosp,Ontario,quantile,0.025,191.07
2025-12-13,-1,2025-12-06,wk inc covid hosp,Ontario,quantile,0.1,204.3
2025-12-13,-1,2025-12-06,wk inc covid hosp,Ontario,quantile,0.25,239.9
2025-12-13,-1,2025-12-06,wk inc covid hosp,Ontario,quantile,0.5,289.2
2025-12-13,-1,2025-12-06,wk inc covid hosp,Ontario,quantile,0.75,300.65
2025-12-13,-1,2025-12-06,wk inc covid hosp,Ontario,quantile,0.9,310.77
2025-12-13,-1,2025-12-06,wk inc covid hosp,Ontario,quantile,0.975,322.07
2025-12-13,0,2025-12-13,wk inc covid hosp,Ontario,quantile,0.025,178.3
2025-12-13,0,2025-12-13,wk inc covid hosp,Ontario,quantile,0.1,188.61
2025-12-13,0,2025-12-13,wk inc covid hosp,Ontario,quantile,0.25,228.35
2025-12-13,0,2025-12-13,wk inc covid hosp,Ontario,quantile,0.5,259.21
2025-12-13,0,2025-12-13,wk inc covid hosp,Ontario,quantile,0.75,275.86
2025-12-13,0,2025-12-13,wk inc covid hosp,Ontario,quantile,0.9,300.9
2025-12-13,0,2025-12-13,wk inc covid hosp,Ontario,quantile,0.975,311.01
2025-12-13,1,2025-12-20,wk inc covid hosp,Ontario,quantile,0.025,190.26
2025-12-13,1,2025-12-20,wk inc covid hosp,Ontario,quantile,0.1,203.7
2025-12-13,1,2025-12-20,wk inc covid hosp,Ontario,quantile,0.25,238.54
2025-12-13,1,2025-12-20,wk inc covid hosp,Ontario,quantile,0.5,268.63
2025-12-13,1,2025-12-20,wk inc covid hosp,Ontario,quantile,0.75,284.94
2025-12-13,1,2025-12-20,wk inc covid hosp,Ontario,quantile,0.9,313.64
2025-12-13,1,2025-12-20,wk inc covid hosp,Ontario,quantile,0.975,324.95
2025-12-13,2,2025-12-27,wk inc covid hosp,Ontario,quantile,0.025,198.49
2025-12-13,2,2025-12-27,wk inc covid hosp,Ontario,quantile,0.1,210.87
2025-12-13,2,2025-12-27,wk inc covid hosp,Ontario,quantile,0.25,241.22
2025-12-13,2,2025-12-27,wk inc covid hosp,Ontario,quantile,0.5,253.53
2025-12-13,2,2025-12-27,wk inc covid hosp,Ontario,quantile,0.75,278.01
2025-12-13,2,2025-12-27,wk inc covid hosp,Ontario,quantile,0.9,302.68
2025-12-13,2,2025-12-27,wk inc covid hosp,Ontario,quantile,0.975,315.07
2025-12-13,3,2026-01-03,wk inc covid hosp,Ontario,quantile,0.025,213.86
2025-12-13,3,2026-01-03,wk inc covid hosp,Ontario,quantile,0.1,227.24
2025-12-13,3,2026-01-03,wk inc covid hosp,Ontario,quantile,0.25,239.21
2025-12-13,3,2026-01-03,wk inc covid hosp,Ontario,quantile,0.5,256.6
2025-12-13,3,2026-01-03,wk inc covid hosp,Ontario,quantile,0.75,272.63
2025-12-13,3,2026-01-03,wk inc covid hosp,Ontario,quantile,0.9,311.13
2025-12-13,3,2026-01-03,wk inc covid hosp,Ontario,quantile,0.975,331.99
2025-12-13,-1,2025-12-06,wk inc covid hosp,Toronto,quantile,0.025,41.46
2025-12-13,-1,2025-12-06,wk inc covid hosp,Toronto,quantile,0.1,44.19
2025-12-13,-1,2025-12-06,wk inc covid hosp,Toronto,quantile,0.25,57.3
2025-12-13,-1,2025-12-06,wk inc covid hosp,Toronto,quantile,0.5,60.02
2025-12-13,-1,2025-12-06,wk inc covid hosp,Toronto,quantile,0.75,62.73
2025-12-13,-1,2025-12-06,wk inc covid hosp,Toronto,quantile,0.9,65.17
2025-12-13,-1,2025-12-06,wk inc covid hosp,Toronto,quantile,0.975,70.04
2025-12-13,0,2025-12-13,wk inc covid hosp,Toronto,quantile,0.025,40.92
2025-12-13,0,2025-12-13,wk inc covid hosp,Toronto,quantile,0.1,43.36
2025-12-13,0,2025-12-13,wk inc covid hosp,Toronto,quantile,0.25,55.33
2025-12-13,0,2025-12-13,wk inc covid hosp,Toronto,quantile,0.5,57.76
2025-12-13,0,2025-12-13,wk inc covid hosp,Toronto,quantile,0.75,60.18
2025-12-13,0,2025-12-13,wk inc covid hosp,Toronto,quantile,0.9,63.25
2025-12-13,0,2025-12-13,wk inc covid hosp,Toronto,quantile,0.975,67.84
2025-12-13,1,2025-12-20,wk inc covid hosp,Toronto,quantile,0.025,41.56
2025-12-13,1,2025-12-20,wk inc covid hosp,Toronto,quantile,0.1,44.29
2025-12-13,1,2025-12-20,wk inc covid hosp,Toronto,quantile,0.25,54.88
2025-12-13,1,2025-12-20,wk inc covid hosp,Toronto,quantile,0.5,57.59
2025-12-13,1,2025-12-20,wk inc covid hosp,Toronto,quantile,0.75,61.77
2025-12-13,1,2025-12-20,wk inc covid hosp,Toronto,quantile,0.9,65.17
2025-12-13,1,2025-12-20,wk inc covid hosp,Toronto,quantile,0.975,70.04
2025-12-13,2,2025-12-27,wk inc covid hosp,Toronto,quantile,0.025,42.3
2025-12-13,2,2025-12-27,wk inc covid hosp,Toronto,quantile,0.1,45.29
2025-12-13,2,2025-12-27,wk inc covid hosp,Toronto,quantile,0.25,53.37
2025-12-13,2,2025-12-27,wk inc covid hosp,Toronto,quantile,0.5,57.57
2025-12-13,2,2025-12-27,wk inc covid hosp,Toronto,quantile,0.75,62.11
2025-12-13,2,2025-12-27,wk inc covid hosp,Toronto,quantile,0.9,66.83
2025-12-13,2,2025-12-27,wk inc covid hosp,Toronto,quantile,0.975,72.29
2025-12-13,3,2026-01-03,wk inc covid hosp,Toronto,quantile,0.025,43.23
2025-12-13,3,2026-01-03,wk inc covid hosp,Toronto,quantile,0.1,46.46
2025-12-13,3,2026-01-03,wk inc covid hosp,Toronto,quantile,0.25,54.75
2025-12-13,3,2026-01-03,wk inc covid hosp,Toronto,quantile,0.5,59.22
2025-12-13,3,2026-01-03,wk inc covid hosp,Toronto,quantile,0.75,63.86
2025-12-13,3,2026-01-03,wk inc covid hosp,Toronto,quantile,0.9,68.77
2025-12-13,3,2026-01-03,wk inc covid hosp,Toronto,quantile,0.975,74.6
2025-12-13,-1,2025-12-06,wk inc covid hosp,West,quantile,0.025,49.05
2025-12-13,-1,2025-12-06,wk inc covid hosp,West,quantile,0.1,57.28
2025-12-13,-1,2025-12-06,wk inc covid hosp,West,quantile,0.25,79.24
2025-12-13,-1,2025-12-06,wk inc covid hosp,West,quantile,0.5,99.9
2025-12-13,-1,2025-12-06,wk inc covid hosp,West,quantile,0.75,108.4
2025-12-13,-1,2025-12-06,wk inc covid hosp,West,quantile,0.9,115.79
2025-12-13,-1,2025-12-06,wk inc covid hosp,West,quantile,0.975,124.02
2025-12-13,0,2025-12-13,wk inc covid hosp,West,quantile,0.025,43.19
2025-12-13,0,2025-12-13,wk inc covid hosp,West,quantile,0.1,50.55
2025-12-13,0,2025-12-13,wk inc covid hosp,West,quantile,0.25,62.64
2025-12-13,0,2025-12-13,wk inc covid hosp,West,quantile,0.5,88.07
2025-12-13,0,2025-12-13,wk inc covid hosp,West,quantile,0.75,95.39
2025-12-13,0,2025-12-13,wk inc covid hosp,West,quantile,0.9,105.78
2025-12-13,0,2025-12-13,wk inc covid hosp,West,quantile,0.975,113.14
2025-12-13,1,2025-12-20,wk inc covid hosp,West,quantile,0.025,50.53
2025-12-13,1,2025-12-20,wk inc covid hosp,West,quantile,0.1,58.76
2025-12-13,1,2025-12-20,wk inc covid hosp,West,quantile,0.25,66.16
2025-12-13,1,2025-12-20,wk inc covid hosp,West,quantile,0.5,88.51
2025-12-13,1,2025-12-20,wk inc covid hosp,West,quantile,0.75,101.16
2025-12-13,1,2025-12-20,wk inc covid hosp,West,quantile,0.9,115.79
2025-12-13,1,2025-12-20,wk inc covid hosp,West,quantile,0.975,124.02
2025-12-13,2,2025-12-27,wk inc covid hosp,West,quantile,0.025,56.4
2025-12-13,2,2025-12-27,wk inc covid hosp,West,quantile,0.1,65.41
2025-12-13,2,2025-12-27,wk inc covid hosp,West,quantile,0.25,81.3
2025-12-13,2,2025-12-27,wk inc covid hosp,West,quantile,0.5,96.61
2025-12-13,2,2025-12-27,wk inc covid hosp,West,quantile,0.75,112.16
2025-12-13,2,2025-12-27,wk inc covid hosp,West,quantile,0.9,127.52
2025-12-13,2,2025-12-27,wk inc covid hosp,West,quantile,0.975,136.53
2025-12-13,3,2026-01-03,wk inc covid hosp,West,quantile,0.025,67.18
2025-12-13,3,2026-01-03,wk inc covid hosp,West,quantile,0.1,76.92
2025-12-13,3,2026-01-03,wk inc covid hosp,West,quantile,0.25,88.23
2025-12-13,3,2026-01-03,wk inc covid hosp,West,quantile,0.5,104.42
2025-12-13,3,2026-01-03,wk inc covid hosp,West,quantile,0.75,117.9
2025-12-13,3,2026-01-03,wk inc covid hosp,West,quantile,0.9,132.01
2025-12-13,3,2026-01-03,wk inc covid hosp,West,quantile,0.975,143.45
2025-12-13,-1,2025-12-06,wk inc flu hosp,Central,quantile,0.025,39.61
2025-12-13,-1,2025-12-06,wk inc flu hosp,Central,quantile,0.1,40.44
2025-12-13,-1,2025-12-06,wk inc flu hosp,Central,quantile,0.25,75.84
2025-12-13,-1,2025-12-06,wk inc flu hosp,Central,quantile,0.5,76.71
2025-12-13,-1,2025-12-06,wk inc flu hosp,Central,quantile,0.75,77.59
2025-12-13,-1,2025-12-06,wk inc flu hosp,Central,quantile,0.9,78.41
2025-12-13,-1,2025-12-06,wk inc flu hosp,Central,quantile,0.975,79.33
2025-12-13,0,2025-12-13,wk inc flu hosp,Central,quantile,0.025,68.84
2025-12-13,0,2025-12-13,wk inc flu hosp,Central,quantile,0.1,70.15
2025-12-13,0,2025-12-13,wk inc flu hosp,Central,quantile,0.25,105.41
2025-12-13,0,2025-12-13,wk inc flu hosp,Central,quantile,0.5,106.76
2025-12-13,0,2025-12-13,wk inc flu hosp,Central,quantile,0.75,108.15
2025-12-13,0,2025-12-13,wk inc flu hosp,Central,quantile,0.9,109.96
2025-12-13,0,2025-12-13,wk inc flu hosp,Central,quantile,0.975,111.41
2025-12-13,1,2025-12-20,wk inc flu hosp,Central,quantile,0.025,118.67
2025-12-13,1,2025-12-20,wk inc flu hosp,Central,quantile,0.1,121.22
2025-12-13,1,2025-12-20,wk inc flu hosp,Central,quantile,0.25,157.44
2025-12-13,1,2025-12-20,wk inc flu hosp,Central,quantile,0.5,160.09
2025-12-13,1,2025-12-20,wk inc flu hosp,Central,quantile,0.75,162.8
2025-12-13,1,2025-12-20,wk inc flu hosp,Central,quantile,0.9,166.01
2025-12-13,1,2025-12-20,wk inc flu hosp,Central,quantile,0.975,168.86
2025-12-13,2,2025-12-27,wk inc flu hosp,Central,quantile,0.025,200.96
2025-12-13,2,2025-12-27,wk inc flu hosp,Central,quantile,0.1,205.72
2025-12-13,2,2025-12-27,wk inc flu hosp,Central,quantile,0.25,243.94
2025-12-13,2,2025-12-27,wk inc flu hosp,Central,quantile,0.5,248.89
2025-12-13,2,2025-12-27,wk inc flu hosp,Central,quantile,0.75,248.89
2025-12-13,2,2025-12-27,wk inc flu hosp,Central,quantile,0.9,249.63
2025-12-13,2,2025-12-27,wk inc flu hosp,Central,quantile,0.975,249.64
2025-12-13,3,2026-01-03,wk inc flu hosp,Central,quantile,0.025,199.85
2025-12-13,3,2026-01-03,wk inc flu hosp,Central,quantile,0.1,204.97
2025-12-13,3,2026-01-03,wk inc flu hosp,Central,quantile,0.25,243.35
2025-12-13,3,2026-01-03,wk inc flu hosp,Central,quantile,0.5,248.69
2025-12-13,3,2026-01-03,wk inc flu hosp,Central,quantile,0.75,248.69
2025-12-13,3,2026-01-03,wk inc flu hosp,Central,quantile,0.9,249.63
2025-12-13,3,2026-01-03,wk inc flu hosp,Central,quantile,0.975,249.64
2025-12-13,-1,2025-12-06,wk inc flu hosp,East,quantile,0.025,8.8
2025-12-13,-1,2025-12-06,wk inc flu hosp,East,quantile,0.1,9.84
2025-12-13,-1,2025-12-06,wk inc flu hosp,East,quantile,0.25,11.52
2025-12-13,-1,2025-12-06,wk inc flu hosp,East,quantile,0.5,25.55
2025-12-13,-1,2025-12-06,wk inc flu hosp,East,quantile,0.75,26.77
2025-12-13,-1,2025-12-06,wk inc flu hosp,East,quantile,0.9,27.97
2025-12-13,-1,2025-12-06,wk inc flu hosp,East,quantile,0.975,29.45
2025-12-13,0,2025-12-13,wk inc flu hosp,East,quantile,0.025,21.92
2025-12-13,0,2025-12-13,wk inc flu hosp,East,quantile,0.1,24.08
2025-12-13,0,2025-12-13,wk inc flu hosp,East,quantile,0.25,26.82
2025-12-13,0,2025-12-13,wk inc flu hosp,East,quantile,0.5,41.36
2025-12-13,0,2025-12-13,wk inc flu hosp,East,quantile,0.75,44.06
2025-12-13,0,2025-12-13,wk inc flu hosp,East,quantile,0.9,47.19
2025-12-13,0,2025-12-13,wk inc flu hosp,East,quantile,0.975,50.33
2025-12-13,1,2025-12-20,wk inc flu hosp,East,quantile,0.025,51.71
2025-12-13,1,2025-12-20,wk inc flu hosp,East,quantile,0.1,57.28
2025-12-13,1,2025-12-20,wk inc flu hosp,East,quantile,0.25,63.42
2025-12-13,1,2025-12-20,wk inc flu hosp,East,quantile,0.5,82.07
2025-12-13,1,2025-12-20,wk inc flu hosp,East,quantile,0.75,89.37
2025-12-13,1,2025-12-20,wk inc flu hosp,East,quantile,0.9,97.11
2025-12-13,1,2025-12-20,wk inc flu hosp,East,quantile,0.975,97.73
2025-12-13,2,2025-12-27,wk inc flu hosp,East,quantile,0.025,61.25
2025-12-13,2,2025-12-27,wk inc flu hosp,East,quantile,0.1,68.48
2025-12-13,2,2025-12-27,wk inc flu hosp,East,quantile,0.25,76.3
2025-12-13,2,2025-12-27,wk inc flu hosp,East,quantile,0.5,96.95
2025-12-13,2,2025-12-27,wk inc flu hosp,East,quantile,0.75,97.2
2025-12-13,2,2025-12-27,wk inc flu hosp,East,quantile,0.9,97.73
2025-12-13,2,2025-12-27,wk inc flu hosp,East,quantile,0.975,97.73
2025-12-13,3,2026-01-03,wk inc flu hosp,East,quantile,0.025,59.71
2025-12-13,3,2026-01-03,wk inc flu hosp,East,quantile,0.1,67.35
2025-12-13,3,2026-01-03,wk inc flu hosp,East,quantile,0.25,75.47
2025-12-13,3,2026-01-03,wk inc flu hosp,East,quantile,0.5,95.3
2025-12-13,3,2026-01-03,wk inc flu hosp,East,quantile,0.75,97.17
2025-12-13,3,2026-01-03,wk inc flu hosp,East,quantile,0.9,97.73
2025-12-13,3,2026-01-03,wk inc flu hosp,East,quantile,0.975,97.73
2025-12-13,-1,2025-12-06,wk inc flu hosp,North East,quantile,0.025,0.72
2025-12-13,-1,2025-12-06,wk inc flu hosp,North East,quantile,0.1,1.07
2025-12-13,-1,2025-12-06,wk inc flu hosp,North East,quantile,0.25,1.9
2025-12-13,-1,2025-12-06,wk inc flu hosp,North East,quantile,0.5,8.43
2025-12-13,-1,2025-12-06,wk inc flu hosp,North East,quantile,0.75,12.87
2025-12-13,-1,2025-12-06,wk inc flu hosp,North East,quantile,0.9,21.92
2025-12-13,-1,2025-12-06,wk inc flu hosp,North East,quantile,0.975,37.33
2025-12-13,0,2025-12-13,wk inc flu hosp,North East,quantile,0.025,1.52
2025-12-13,0,2025-12-13,wk inc flu hosp,North East,quantile,0.1,2.82
2025-12-13,0,2025-12-13,wk inc flu hosp,North East,quantile,0.25,5.34
2025-12-13,0,2025-12-13,wk inc flu hosp,North East,quantile,0.5,12.79
2025-12-13,0,2025-12-13,wk inc flu hosp,North East,quantile,0.75,25.73
2025-12-13,0,2025-12-13,wk inc flu hosp,North East,quantile,0.9,34.61
2025-12-13,0,2025-12-13,wk inc flu hosp,North East,quantile,0.975,34.61
2025-12-13,1,2025-12-20,wk inc flu hosp,North East,quantile,0.025,2.95
2025-12-13,1,2025-12-20,wk inc flu hosp,North East,quantile,0.1,6.49
2025-12-13,1,2025-12-20,wk inc flu hosp,North East,quantile,0.25,13.84
2025-12-13,1,2025-12-20,wk inc flu hosp,North East,quantile,0.5,36.82
2025-12-13,1,2025-12-20,wk inc flu hosp,North East,quantile,0.75,37.33
2025-12-13,1,2025-12-20,wk inc flu hosp,North East,quantile,0.9,37.34
2025-12-13,1,2025-12-20,wk inc flu hosp,North East,quantile,0.975,37.37
2025-12-13,2,2025-12-27,wk inc flu hosp,North East,quantile,0.025,2.45
2025-12-13,2,2025-12-27,wk inc flu hosp,North East,quantile,0.1,5.65
2025-12-13,2,2025-12-27,wk inc flu hosp,North East,quantile,0.25,12.85
2025-12-13,2,2025-12-27,wk inc flu hosp,North East,quantile,0.5,36.99
2025-12-13,2,2025-12-27,wk inc flu hosp,North East,quantile,0.75,37.33
2025-12-13,2,2025-12-27,wk inc flu hosp,North East,quantile,0.9,37.34
2025-12-13,2,2025-12-27,wk inc flu hosp,North East,quantile,0.975,37.37
2025-12-13,3,2026-01-03,wk inc flu hosp,North East,quantile,0.025,2.05
2025-12-13,3,2026-01-03,wk inc flu hosp,North East,quantile,0.1,4.94
2025-12-13,3,2026-01-03,wk inc flu hosp,North East,quantile,0.25,11.94
2025-12-13,3,2026-01-03,wk inc flu hosp,North East,quantile,0.5,36.43
2025-12-13,3,2026-01-03,wk inc flu hosp,North East,quantile,0.75,36.43
2025-12-13,3,2026-01-03,wk inc flu hosp,North East,quantile,0.9,36.62
2025-12-13,3,2026-01-03,wk inc flu hosp,North East,quantile,0.975,36.62
2025-12-13,-1,2025-12-06,wk inc flu hosp,North West,quantile,0.025,0.28
2025-12-13,-1,2025-12-06,wk inc flu hosp,North West,quantile,0.1,0.32
2025-12-13,-1,2025-12-06,wk inc flu hosp,North West,quantile,0.25,0.61
2025-12-13,-1,2025-12-06,wk inc flu hosp,North West,quantile,0.5,2.17
2025-12-13,-1,2025-12-06,wk inc flu hosp,North West,quantile,0.75,2.87
2025-12-13,-1,2025-12-06,wk inc flu hosp,North West,quantile,0.9,3.49
2025-12-13,-1,2025-12-06,wk inc flu hosp,North West,quantile,0.975,4.19
2025-12-13,0,2025-12-13,wk inc flu hosp,North West,quantile,0.025,0.13
2025-12-13,0,2025-12-13,wk inc flu hosp,North West,quantile,0.1,0.18
2025-12-13,0,2025-12-13,wk inc flu hosp,North West,quantile,0.25,0.38
2025-12-13,0,2025-12-13,wk inc flu hosp,North West,quantile,0.5,1.09
2025-12-13,0,2025-12-13,wk inc flu hosp,North West,quantile,0.75,1.75
2025-12-13,0,2025-12-13,wk inc flu hosp,North West,quantile,0.9,2.31
2025-12-13,0,2025-12-13,wk inc flu hosp,North West,quantile,0.975,2.94
2025-12-13,1,2025-12-20,wk inc flu hosp,North West,quantile,0.025,0.13
2025-12-13,1,2025-12-20,wk inc flu hosp,North West,quantile,0.1,0.18
2025-12-13,1,2025-12-20,wk inc flu hosp,North West,quantile,0.25,0.31
2025-12-13,1,2025-12-20,wk inc flu hosp,North West,quantile,0.5,1.01
2025-12-13,1,2025-12-20,wk inc flu hosp,North West,quantile,0.75,1.91
2025-12-13,1,2025-12-20,wk inc flu hosp,North West,quantile,0.9,2.54
2025-12-13,1,2025-12-20,wk inc flu hosp,North West,quantile,0.975,3.24
2025-12-13,2,2025-12-27,wk inc flu hosp,North West,quantile,0.025,0.26
2025-12-13,2,2025-12-27,wk inc flu hosp,North West,quantile,0.1,0.35
2025-12-13,2,2025-12-27,wk inc flu hosp,North West,quantile,0.25,0.43
2025-12-13,2,2025-12-27,wk inc flu hosp,North West,quantile,0.5,1.67
2025-12-13,2,2025-12-27,wk inc flu hosp,North West,quantile,0.75,2.44
2025-12-13,2,2025-12-27,wk inc flu hosp,North West,quantile,0.9,3.28
2025-12-13,2,2025-12-27,wk inc flu hosp,North West,quantile,0.975,4.05
2025-12-13,3,2026-01-03,wk inc flu hosp,North West,quantile,0.025,0.29
2025-12-13,3,2026-01-03,wk inc flu hosp,North West,quantile,0.1,0.37
2025-12-13,3,2026-01-03,wk inc flu hosp,North West,quantile,0.25,0.55
2025-12-13,3,2026-01-03,wk inc flu hosp,North West,quantile,0.5,1.93
2025-12-13,3,2026-01-03,wk inc flu hosp,North West,quantile,0.75,2.75
2025-12-13,3,2026-01-03,wk inc flu hosp,North West,quantile,0.9,3.61
2025-12-13,3,2026-01-03,wk inc flu hosp,North West,quantile,0.975,4.45
2025-12-13,-1,2025-12-06,wk inc flu hosp,Ontario,quantile,0.025,136.59
2025-12-13,-1,2025-12-06,wk inc flu hosp,Ontario,quantile,0.1,139.66
2025-12-13,-1,2025-12-06,wk inc flu hosp,Ontario,quantile,0.25,186.09
2025-12-13,-1,2025-12-06,wk inc flu hosp,Ontario,quantile,0.5,263.04
2025-12-13,-1,2025-12-06,wk inc flu hosp,Ontario,quantile,0.75,264.37
2025-12-13,-1,2025-12-06,wk inc flu hosp,Ontario,quantile,0.9,265.57
2025-12-13,-1,2025-12-06,wk inc flu hosp,Ontario,quantile,0.975,266.93
2025-12-13,0,2025-12-13,wk inc flu hosp,Ontario,quantile,0.025,242.85
2025-12-13,0,2025-12-13,wk inc flu hosp,Ontario,quantile,0.1,246.68
2025-12-13,0,2025-12-13,wk inc flu hosp,Ontario,quantile,0.25,273.42
2025-12-13,0,2025-12-13,wk inc flu hosp,Ontario,quantile,0.5,359.62
2025-12-13,0,2025-12-13,wk inc flu hosp,Ontario,quantile,0.75,361.73
2025-12-13,0,2025-12-13,wk inc flu hosp,Ontario,quantile,0.9,375.48
2025-12-13,0,2025-12-13,wk inc flu hosp,Ontario,quantile,0.975,377.69
2025-12-13,1,2025-12-20,wk inc flu hosp,Ontario,quantile,0.025,429.91
2025-12-13,1,2025-12-20,wk inc flu hosp,Ontario,quantile,0.1,435.8
2025-12-13,1,2025-12-20,wk inc flu hosp,Ontario,quantile,0.25,465.75
2025-12-13,1,2025-12-20,wk inc flu hosp,Ontario,quantile,0.5,552.63
2025-12-13,1,2025-12-20,wk inc flu hosp,Ontario,quantile,0.75,556.83
2025-12-13,1,2025-12-20,wk inc flu hosp,Ontario,quantile,0.9,572.48
2025-12-13,1,2025-12-20,wk inc flu hosp,Ontario,quantile,0.975,576.83
2025-12-13,2,2025-12-27,wk inc flu hosp,Ontario,quantile,0.025,720.94
2025-12-13,2,2025-12-27,wk inc flu hosp,Ontario,quantile,0.1,730.26
2025-12-13,2,2025-12-27,wk inc flu hosp,Ontario,quantile,0.25,761.96
2025-12-13,2,2025-12-27,wk inc flu hosp,Ontario,quantile,0.5,853.73
2025-12-13,2,2025-12-27,wk inc flu hosp,Ontario,quantile,0.75,853.73
2025-12-13,2,2025-12-27,wk inc flu hosp,Ontario,quantile,0.9,865.57
2025-12-13,2,2025-12-27,wk inc flu hosp,Ontario,quantile,0.975,865.61
2025-12-13,3,2026-01-03,wk inc flu hosp,Ontario,quantile,0.025,719.2
2025-12-13,3,2026-01-03,wk inc flu hosp,Ontario,quantile,0.1,729.11
2025-12-13,3,2026-01-03,wk inc flu hosp,Ontario,quantile,0.25,761.35
2025-12-13,3,2026-01-03,wk inc flu hosp,Ontario,quantile,0.5,853.73
2025-12-13,3,2026-01-03,wk inc flu hosp,Ontario,quantile,0.75,853.73
2025-12-13,3,2026-01-03,wk inc flu hosp,Ontario,quantile,0.9,865.57
2025-12-13,3,2026-01-03,wk inc flu hosp,Ontario,quantile,0.975,865.61
2025-12-13,-1,2025-12-06,wk inc flu hosp,Toronto,quantile,0.025,12.28
2025-12-13,-1,2025-12-06,wk inc flu hosp,Toronto,quantile,0.1,14.55
2025-12-13,-1,2025-12-06,wk inc flu hosp,Toronto,quantile,0.25,19.8
2025-12-13,-1,2025-12-06,wk inc flu hosp,Toronto,quantile,0.5,38.12
2025-12-13,-1,2025-12-06,wk inc flu hosp,Toronto,quantile,0.75,41.96
2025-12-13,-1,2025-12-06,wk inc flu hosp,Toronto,quantile,0.9,46.07
2025-12-13,-1,2025-12-06,wk inc flu hosp,Toronto,quantile,0.975,51.55
2025-12-13,0,2025-12-13,wk inc flu hosp,Toronto,quantile,0.025,24.04
2025-12-13,0,2025-12-13,wk inc flu hosp,Toronto,quantile,0.1,28.15
2025-12-13,0,2025-12-13,wk inc flu hosp,Toronto,quantile,0.25,34.6
2025-12-13,0,2025-12-13,wk inc flu hosp,Toronto,quantile,0.5,53.97
2025-12-13,0,2025-12-13,wk inc flu hosp,Toronto,quantile,0.75,60.9
2025-12-13,0,2025-12-13,wk inc flu hosp,Toronto,quantile,0.9,69.47
2025-12-13,0,2025-12-13,wk inc flu hosp,Toronto,quantile,0.975,78.51
2025-12-13,1,2025-12-20,wk inc flu hosp,Toronto,quantile,0.025,42.81
2025-12-13,1,2025-12-20,wk inc flu hosp,Toronto,quantile,0.1,51.31
2025-12-13,1,2025-12-20,wk inc flu hosp,Toronto,quantile,0.25,62.83
2025-12-13,1,2025-12-20,wk inc flu hosp,Toronto,quantile,0.5,88.73
2025-12-13,1,2025-12-20,wk inc flu hosp,Toronto,quantile,0.75,103.1
2025-12-13,1,2025-12-20,wk inc flu hosp,Toronto,quantile,0.9,120.29
2025-12-13,1,2025-12-20,wk inc flu hosp,Toronto,quantile,0.975,132.99
2025-12-13,2,2025-12-27,wk inc flu hosp,Toronto,quantile,0.025,64.43
2025-12-13,2,2025-12-27,wk inc flu hosp,Toronto,quantile,0.1,78.65
2025-12-13,2,2025-12-27,wk inc flu hosp,Toronto,quantile,0.25,96.63
2025-12-13,2,2025-12-27,wk inc flu hosp,Toronto,quantile,0.5,130.57
2025-12-13,2,2025-12-27,wk inc flu hosp,Toronto,quantile,0.75,130.57
2025-12-13,2,2025-12-27,wk inc flu hosp,Toronto,quantile,0.9,132.99
2025-12-13,2,2025-12-27,wk inc flu hosp,Toronto,quantile,0.975,132.99
2025-12-13,3,2026-01-03,wk inc flu hosp,Toronto,quantile,0.025,61.53
2025-12-13,3,2026-01-03,wk inc flu hosp,Toronto,quantile,0.1,76.31
2025-12-13,3,2026-01-03,wk inc flu hosp,Toronto,quantile,0.25,94.8
2025-12-13,3,2026-01-03,wk inc flu hosp,Toronto,quantile,0.5,130.6
2025-12-13,3,2026-01-03,wk inc flu hosp,Toronto,quantile,0.75,130.6
2025-12-13,3,2026-01-03,wk inc flu hosp,Toronto,quantile,0.9,132.99
2025-12-13,3,2026-01-03,wk inc flu hosp,Toronto,quantile,0.975,132.99
2025-12-13,-1,2025-12-06,wk inc flu hosp,West,quantile,0.025,46.28
2025-12-13,-1,2025-12-06,wk inc flu hosp,West,quantile,0.1,50.83
2025-12-13,-1,2025-12-06,wk inc flu hosp,West,quantile,0.25,93.69
2025-12-13,-1,2025-12-06,wk inc flu hosp,West,quantile,0.5,108.04
2025-12-13,-1,2025-12-06,wk inc flu hosp,West,quantile,0.75,114.0
2025-12-13,-1,2025-12-06,wk inc flu hosp,West,quantile,0.9,119.86
2025-12-13,-1,2025-12-06,wk inc flu hosp,West,quantile,0.975,127.02
2025-12-13,0,2025-12-13,wk inc flu hosp,West,quantile,0.025,76.79
2025-12-13,0,2025-12-13,wk inc flu hosp,West,quantile,0.1,83.56
2025-12-13,0,2025-12-13,wk inc flu hosp,West,quantile,0.25,128.58
2025-12-13,0,2025-12-13,wk inc flu hosp,West,quantile,0.5,145.53
2025-12-13,0,2025-12-13,wk inc flu hosp,West,quantile,0.75,154.19
2025-12-13,0,2025-12-13,wk inc flu hosp,West,quantile,0.9,162.57
2025-12-13,0,2025-12-13,wk inc flu hosp,West,quantile,0.975,172.71
2025-12-13,1,2025-12-20,wk inc flu hosp,West,quantile,0.025,120.95
2025-12-13,1,2025-12-20,wk inc flu hosp,West,quantile,0.1,132.94
2025-12-13,1,2025-12-20,wk inc flu hosp,West,quantile,0.25,183.12
2025-12-13,1,2025-12-20,wk inc flu hosp,West,quantile,0.5,206.43
2025-12-13,1,2025-12-20,wk inc flu hosp,West,quantile,0.75,222.15
2025-12-13,1,2025-12-20,wk inc flu hosp,West,quantile,0.9,237.57
2025-12-13,1,2025-12-20,wk inc flu hosp,West,quantile,0.975,256.41
2025-12-13,2,2025-12-27,wk inc flu hosp,West,quantile,0.025,191.29
2025-12-13,2,2025-12-27,wk inc flu hosp,West,quantile,0.1,212.13
2025-12-13,2,2025-12-27,wk inc flu hosp,West,quantile,0.25,271.1
2025-12-13,2,2025-12-27,wk inc flu hosp,West,quantile,0.5,303.86
2025-12-13,2,2025-12-27,wk inc flu hosp,West,quantile,0.75,333.2
2025-12-13,2,2025-12-27,wk inc flu hosp,West,quantile,0.9,333.66
2025-12-13,2,2025-12-27,wk inc flu hosp,West,quantile,0.975,333.66
2025-12-13,3,2026-01-03,wk inc flu hosp,West,quantile,0.025,207.08
2025-12-13,3,2026-01-03,wk inc flu hosp,West,quantile,0.1,231.6
2025-12-13,3,2026-01-03,wk inc flu hosp,West,quantile,0.25,294.43
2025-12-13,3,2026-01-03,wk inc flu hosp,West,quantile,0.5,333.49
2025-12-13,3,2026-01-03,wk inc flu hosp,West,quantile,0.75,333.67
2025-12-13,3,2026-01-03,wk inc flu hosp,West,quantile,0.9,333.67
2025-12-13,3,2026-01-03,wk inc flu hosp,West,quantile,0.975,333.67
2025-12-13,-1,2025-12-06,wk inc rsv hosp,Central,quantile,0.025,7.51
2025-12-13,-1,2025-12-06,wk inc rsv hosp,Central,quantile,0.1,7.93
2025-12-13,-1,2025-12-06,wk inc rsv hosp,Central,quantile,0.25,8.36
2025-12-13,-1,2025-12-06,wk inc rsv hosp,Central,quantile,0.5,8.86
2025-12-13,-1,2025-12-06,wk inc rsv hosp,Central,quantile,0.75,9.41
2025-12-13,-1,2025-12-06,wk inc rsv hosp,Central,quantile,0.9,9.96
2025-12-13,-1,2025-12-06,wk inc rsv hosp,Central,quantile,0.975,10.64
2025-12-13,0,2025-12-13,wk inc rsv hosp,Central,quantile,0.025,9.48
2025-12-13,0,2025-12-13,wk inc rsv hosp,Central,quantile,0.1,10.04
2025-12-13,0,2025-12-13,wk inc rsv hosp,Central,quantile,0.25,10.75
2025-12-13,0,2025-12-13,wk inc rsv hosp,Central,quantile,0.5,11.41
2025-12-13,0,2025-12-13,wk inc rsv hosp,Central,quantile,0.75,12.13
2025-12-13,0,2025-12-13,wk inc rsv hosp,Central,quantile,0.9,12.84
2025-12-13,0,2025-12-13,wk inc rsv hosp,Central,quantile,0.975,13.7
2025-12-13,1,2025-12-20,wk inc rsv hosp,Central,quantile,0.025,11.92
2025-12-13,1,2025-12-20,wk inc rsv hosp,Central,quantile,0.1,12.81
2025-12-13,1,2025-12-20,wk inc rsv hosp,Central,quantile,0.25,13.81
2025-12-13,1,2025-12-20,wk inc rsv hosp,Central,quantile,0.5,14.88
2025-12-13,1,2025-12-20,wk inc rsv hosp,Central,quantile,0.75,16.07
2025-12-13,1,2025-12-20,wk inc rsv hosp,Central,quantile,0.9,17.25
2025-12-13,1,2025-12-20,wk inc rsv hosp,Central,quantile,0.975,18.69
2025-12-13,2,2025-12-27,wk inc rsv hosp,Central,quantile,0.025,15.41
2025-12-13,2,2025-12-27,wk inc rsv hosp,Central,quantile,0.1,16.81
2025-12-13,2,2025-12-27,wk inc rsv hosp,Central,quantile,0.25,18.32
2025-12-13,2,2025-12-27,wk inc rsv hosp,Central,quantile,0.5,20.03
2025-12-13,2,2025-12-27,wk inc rsv hosp,Central,quantile,0.75,21.95
2025-12-13,2,2025-12-27,wk inc rsv hosp,Central,quantile,0.9,23.86
2025-12-13,2,2025-12-27,wk inc rsv hosp,Central,quantile,0.975,25.79
2025-12-13,3,2026-01-03,wk inc rsv hosp,Central,quantile,0.025,19.17
2025-12-13,3,2026-01-03,wk inc rsv hosp,Central,quantile,0.1,21.17
2025-12-13,3,2026-01-03,wk inc rsv hosp,Central,quantile,0.25,23.29
2025-12-13,3,2026-01-03,wk inc rsv hosp,Central,quantile,0.5,25.79
2025-12-13,3,2026-01-03,wk inc rsv hosp,Central,quantile,0.75,25.79
2025-12-13,3,2026-01-03,wk inc rsv hosp,Central,quantile,0.9,25.79
2025-12-13,3,2026-01-03,wk inc rsv hosp,Central,quantile,0.975,25.79
2025-12-13,-1,2025-12-06,wk inc rsv hosp,East,quantile,0.025,6.27
2025-12-13,-1,2025-12-06,wk inc rsv hosp,East,quantile,0.1,6.55
2025-12-13,-1,2025-12-06,wk inc rsv hosp,East,quantile,0.25,9.37
2025-12-13,-1,2025-12-06,wk inc rsv hosp,East,quantile,0.5,11.63
2025-12-13,-1,2025-12-06,wk inc rsv hosp,East,quantile,0.75,11.91
2025-12-13,-1,2025-12-06,wk inc rsv hosp,East,quantile,0.9,12.18
2025-12-13,-1,2025-12-06,wk inc rsv hosp,East,quantile,0.975,12.49
2025-12-13,0,2025-12-13,wk inc rsv hosp,East,quantile,0.025,8.53
2025-12-13,0,2025-12-13,wk inc rsv hosp,East,quantile,0.1,8.87
2025-12-13,0,2025-12-13,wk inc rsv hosp,East,quantile,0.25,10.68
2025-12-13,0,2025-12-13,wk inc rsv hosp,East,quantile,0.5,13.42
2025-12-13,0,2025-12-13,wk inc rsv hosp,East,quantile,0.75,13.77
2025-12-13,0,2025-12-13,wk inc rsv hosp,East,quantile,0.9,14.62
2025-12-13,0,2025-12-13,wk inc rsv hosp,East,quantile,0.975,15.06
2025-12-13,1,2025-12-20,wk inc rsv hosp,East,quantile,0.025,11.4
2025-12-13,1,2025-12-20,wk inc rsv hosp,East,quantile,0.1,11.89
2025-12-13,1,2025-12-20,wk inc rsv hosp,East,quantile,0.25,14.57
2025-12-13,1,2025-12-20,wk inc rsv hosp,East,quantile,0.5,17.14
2025-12-13,1,2025-12-20,wk inc rsv hosp,East,quantile,0.75,17.67
2025-12-13,1,2025-12-20,wk inc rsv hosp,East,quantile,0.9,18.34
2025-12-13,1,2025-12-20,wk inc rsv hosp,East,quantile,0.975,18.95
2025-12-13,2,2025-12-27,wk inc rsv hosp,East,quantile,0.025,15.29
2025-12-13,2,2025-12-27,wk inc rsv hosp,East,quantile,0.1,16.0
2025-12-13,2,2025-12-27,wk inc rsv hosp,East,quantile,0.25,18.23
2025-12-13,2,2025-12-27,wk inc rsv hosp,East,quantile,0.5,21.34
2025-12-13,2,2025-12-27,wk inc rsv hosp,East,quantile,0.75,22.11
2025-12-13,2,2025-12-27,wk inc rsv hosp,East,quantile,0.9,23.32
2025-12-13,2,2025-12-27,wk inc rsv hosp,East,quantile,0.975,24.24
2025-12-13,3,2026-01-03,wk inc rsv hosp,East,quantile,0.025,20.43
2025-12-13,3,2026-01-03,wk inc rsv hosp,East,quantile,0.1,21.45
2025-12-13,3,2026-01-03,wk inc rsv hosp,East,quantile,0.25,23.91
2025-12-13,3,2026-01-03,wk inc rsv hosp,East,quantile,0.5,27.26
2025-12-13,3,2026-01-03,wk inc rsv hosp,East,quantile,0.75,28.4
2025-12-13,3,2026-01-03,wk inc rsv hosp,East,quantile,0.9,30.15
2025-12-13,3,2026-01-03,wk inc rsv hosp,East,quantile,0.975,31.46
2025-12-13,-1,2025-12-06,wk inc rsv hosp,North East,quantile,0.025,0.82
2025-12-13,-1,2025-12-06,wk inc rsv hosp,North East,quantile,0.1,0.87
2025-12-13,-1,2025-12-06,wk inc rsv hosp,North East,quantile,0.25,0.92
2025-12-13,-1,2025-12-06,wk inc rsv hosp,North East,quantile,0.5,0.98
2025-12-13,-1,2025-12-06,wk inc rsv hosp,North East,quantile,0.75,1.03
2025-12-13,-1,2025-12-06,wk inc rsv hosp,North East,quantile,0.9,1.08
2025-12-13,-1,2025-12-06,wk inc rsv hosp,North East,quantile,0.975,1.13
2025-12-13,0,2025-12-13,wk inc rsv hosp,North East,quantile,0.025,0.86
2025-12-13,0,2025-12-13,wk inc rsv hosp,North East,quantile,0.1,0.91
2025-12-13,0,2025-12-13,wk inc rsv hosp,North East,quantile,0.25,0.95
2025-12-13,0,2025-12-13,wk inc rsv hosp,North East,quantile,0.5,1.0
2025-12-13,0,2025-12-13,wk inc rsv hosp,North East,quantile,0.75,1.05
2025-12-13,0,2025-12-13,wk inc rsv hosp,North East,quantile,0.9,1.09
2025-12-13,0,2025-12-13,wk inc rsv hosp,North East,quantile,0.975,1.14
2025-12-13,1,2025-12-20,wk inc rsv hosp,North East,quantile,0.025,0.82
2025-12-13,1,2025-12-20,wk inc rsv hosp,North East,quantile,0.1,0.87
2025-12-13,1,2025-12-20,wk inc rsv hosp,North East,quantile,0.25,0.92
2025-12-13,1,2025-12-20,wk inc rsv hosp,North East,quantile,0.5,0.98
2025-12-13,1,2025-12-20,wk inc rsv hosp,North East,quantile,0.75,1.03
2025-12-13,1,2025-12-20,wk inc rsv hosp,North East,quantile,0.9,1.08
2025-12-13,1,2025-12-20,wk inc rsv hosp,North East,quantile,0.975,1.13
2025-12-13,2,2025-12-27,wk inc rsv hosp,North East,quantile,0.025,0.8
2025-12-13,2,2025-12-27,wk inc rsv hosp,North East,quantile,0.1,0.84
2025-12-13,2,2025-12-27,wk inc rsv hosp,North East,quantile,0.25,0.89
2025-12-13,2,2025-12-27,wk inc rsv hosp,North East,quantile,0.5,0.96
2025-12-13,2,2025-12-27,wk inc rsv hosp,North East,quantile,0.75,1.01
2025-12-13,2,2025-12-27,wk inc rsv hosp,North East,quantile,0.9,1.07
2025-12-13,2,2025-12-27,wk inc rsv hosp,North East,quantile,0.975,1.12
2025-12-13,3,2026-01-03,wk inc rsv hosp,North East,quantile,0.025,0.8
2025-12-13,3,2026-01-03,wk inc rsv hosp,North East,quantile,0.1,0.81
2025-12-13,3,2026-01-03,wk inc rsv hosp,North East,quantile,0.25,0.87
2025-12-13,3,2026-01-03,wk inc rsv hosp,North East,quantile,0.5,0.94
2025-12-13,3,2026-01-03,wk inc rsv hosp,North East,quantile,0.75,1.0
2025-12-13,3,2026-01-03,wk inc rsv hosp,North East,quantile,0.9,1.06
2025-12-13,3,2026-01-03,wk inc rsv hosp,North East,quantile,0.975,1.12
2025-12-13,-1,2025-12-06,wk inc rsv hosp,North West,quantile,0.025,0.0
2025-12-13,-1,2025-12-06,wk inc rsv hosp,North West,quantile,0.1,0.0
2025-12-13,-1,2025-12-06,wk inc rsv hosp,North West,quantile,0.25,0.0
2025-12-13,-1,2025-12-06,wk inc rsv hosp,North West,quantile,0.5,0.0
2025-12-13,-1,2025-12-06,wk inc rsv hosp,North West,quantile,0.75,0.0
2025-12-13,-1,2025-12-06,wk inc rsv hosp,North West,quantile,0.9,0.0
2025-12-13,-1,2025-12-06,wk inc rsv hosp,North West,quantile,0.975,0.0
2025-12-13,0,2025-12-13,wk inc rsv hosp,North West,quantile,0.025,0.0
2025-12-13,0,2025-12-13,wk inc rsv hosp,North West,quantile,0.1,0.0
2025-12-13,0,2025-12-13,wk inc rsv hosp,North West,quantile,0.25,0.0
2025-12-13,0,2025-12-13,wk inc rsv hosp,North West,quantile,0.5,0.0
2025-12-13,0,2025-12-13,wk inc rsv hosp,North West,quantile,0.75,0.0
2025-12-13,0,2025-12-13,wk inc rsv hosp,North West,quantile,0.9,0.0
2025-12-13,0,2025-12-13,wk inc rsv hosp,North West,quantile,0.975,0.0
2025-12-13,1,2025-12-20,wk inc rsv hosp,North West,quantile,0.025,0.0
2025-12-13,1,2025-12-20,wk inc rsv hosp,North West,quantile,0.1,0.0
2025-12-13,1,2025-12-20,wk inc rsv hosp,North West,quantile,0.25,0.0
2025-12-13,1,2025-12-20,wk inc rsv hosp,North West,quantile,0.5,0.0
2025-12-13,1,2025-12-20,wk inc rsv hosp,North West,quantile,0.75,0.0
2025-12-13,1,2025-12-20,wk inc rsv hosp,North West,quantile,0.9,0.0
2025-12-13,1,2025-12-20,wk inc rsv hosp,North West,quantile,0.975,0.0
2025-12-13,2,2025-12-27,wk inc rsv hosp,North West,quantile,0.025,0.0
2025-12-13,2,2025-12-27,wk inc rsv hosp,North West,quantile,0.1,0.0
2025-12-13,2,2025-12-27,wk inc rsv hosp,North West,quantile,0.25,0.0
2025-12-13,2,2025-12-27,wk inc rsv hosp,North West,quantile,0.5,0.0
2025-12-13,2,2025-12-27,wk inc rsv hosp,North West,quantile,0.75,0.0
2025-12-13,2,2025-12-27,wk inc rsv hosp,North West,quantile,0.9,0.0
2025-12-13,2,2025-12-27,wk inc rsv hosp,North West,quantile,0.975,0.0
2025-12-13,3,2026-01-03,wk inc rsv hosp,North West,quantile,0.025,0.0
2025-12-13,3,2026-01-03,wk inc rsv hosp,North West,quantile,0.1,0.0
2025-12-13,3,2026-01-03,wk inc rsv hosp,North West,quantile,0.25,0.0
2025-12-13,3,2026-01-03,wk inc rsv hosp,North West,quantile,0.5,0.0
2025-12-13,3,2026-01-03,wk inc rsv hosp,North West,quantile,0.75,0.0
2025-12-13,3,2026-01-03,wk inc rsv hosp,North West,quantile,0.9,0.0
2025-12-13,3,2026-01-03,wk inc rsv hosp,North West,quantile,0.975,0.0
2025-12-13,-1,2025-12-06,wk inc rsv hosp,Ontario,quantile,0.025,23.35
2025-12-13,-1,2025-12-06,wk inc rsv hosp,Ontario,quantile,0.1,25.21
2025-12-13,-1,2025-12-06,wk inc rsv hosp,Ontario,quantile,0.25,42.88
2025-12-13,-1,2025-12-06,wk inc rsv hosp,Ontario,quantile,0.5,44.41
2025-12-13,-1,2025-12-06,wk inc rsv hosp,Ontario,quantile,0.75,46.03
2025-12-13,-1,2025-12-06,wk inc rsv hosp,Ontario,quantile,0.9,47.58
2025-12-13,-1,2025-12-06,wk inc rsv hosp,Ontario,quantile,0.975,49.41
2025-12-13,0,2025-12-13,wk inc rsv hosp,Ontario,quantile,0.025,32.73
2025-12-13,0,2025-12-13,wk inc rsv hosp,Ontario,quantile,0.1,34.96
2025-12-13,0,2025-12-13,wk inc rsv hosp,Ontario,quantile,0.25,52.8
2025-12-13,0,2025-12-13,wk inc rsv hosp,Ontario,quantile,0.5,54.72
2025-12-13,0,2025-12-13,wk inc rsv hosp,Ontario,quantile,0.75,56.75
2025-12-13,0,2025-12-13,wk inc rsv hosp,Ontario,quantile,0.9,58.67
2025-12-13,0,2025-12-13,wk inc rsv hosp,Ontario,quantile,0.975,60.92
2025-12-13,1,2025-12-20,wk inc rsv hosp,Ontario,quantile,0.025,44.49
2025-12-13,1,2025-12-20,wk inc rsv hosp,Ontario,quantile,0.1,47.67
2025-12-13,1,2025-12-20,wk inc rsv hosp,Ontario,quantile,0.25,66.41
2025-12-13,1,2025-12-20,wk inc rsv hosp,Ontario,quantile,0.5,69.4
2025-12-13,1,2025-12-20,wk inc rsv hosp,Ontario,quantile,0.75,72.59
2025-12-13,1,2025-12-20,wk inc rsv hosp,Ontario,quantile,0.9,75.62
2025-12-13,1,2025-12-20,wk inc rsv hosp,Ontario,quantile,0.975,79.21
2025-12-13,2,2025-12-27,wk inc rsv hosp,Ontario,quantile,0.025,60.75
2025-12-13,2,2025-12-27,wk inc rsv hosp,Ontario,quantile,0.1,65.32
2025-12-13,2,2025-12-27,wk inc rsv hosp,Ontario,quantile,0.25,85.38
2025-12-13,2,2025-12-27,wk inc rsv hosp,Ontario,quantile,0.5,89.97
2025-12-13,2,2025-12-27,wk inc rsv hosp,Ontario,quantile,0.75,94.86
2025-12-13,2,2025-12-27,wk inc rsv hosp,Ontario,quantile,0.9,99.55
2025-12-13,2,2025-12-27,wk inc rsv hosp,Ontario,quantile,0.975,105.13
2025-12-13,3,2026-01-03,wk inc rsv hosp,Ontario,quantile,0.025,83.27
2025-12-13,3,2026-01-03,wk inc rsv hosp,Ontario,quantile,0.1,89.84
2025-12-13,3,2026-01-03,wk inc rsv hosp,Ontario,quantile,0.25,111.84
2025-12-13,3,2026-01-03,wk inc rsv hosp,Ontario,quantile,0.5,118.76
2025-12-13,3,2026-01-03,wk inc rsv hosp,Ontario,quantile,0.75,124.02
2025-12-13,3,2026-01-03,wk inc rsv hosp,Ontario,quantile,0.9,124.02
2025-12-13,3,2026-01-03,wk inc rsv hosp,Ontario,quantile,0.975,124.02
2025-12-13,-1,2025-12-06,wk inc rsv hosp,Toronto,quantile,0.025,7.16
2025-12-13,-1,2025-12-06,wk inc rsv hosp,Toronto,quantile,0.1,7.41
2025-12-13,-1,2025-12-06,wk inc rsv hosp,Toronto,quantile,0.25,9.38
2025-12-13,-1,2025-12-06,wk inc rsv hosp,Toronto,quantile,0.5,12.91
2025-12-13,-1,2025-12-06,wk inc rsv hosp,Toronto,quantile,0.75,13.19
2025-12-13,-1,2025-12-06,wk inc rsv hosp,Toronto,quantile,0.9,13.44
2025-12-13,-1,2025-12-06,wk inc rsv hosp,Toronto,quantile,0.975,13.74
2025-12-13,0,2025-12-13,wk inc rsv hosp,Toronto,quantile,0.025,10.24
2025-12-13,0,2025-12-13,wk inc rsv hosp,Toronto,quantile,0.1,10.56
2025-12-13,0,2025-12-13,wk inc rsv hosp,Toronto,quantile,0.25,12.06
2025-12-13,0,2025-12-13,wk inc rsv hosp,Toronto,quantile,0.5,15.39
2025-12-13,0,2025-12-13,wk inc rsv hosp,Toronto,quantile,0.75,16.03
2025-12-13,0,2025-12-13,wk inc rsv hosp,Toronto,quantile,0.9,16.88
2025-12-13,0,2025-12-13,wk inc rsv hosp,Toronto,quantile,0.975,17.26
2025-12-13,1,2025-12-20,wk inc rsv hosp,Toronto,quantile,0.025,14.39
2025-12-13,1,2025-12-20,wk inc rsv hosp,Toronto,quantile,0.1,14.91
2025-12-13,1,2025-12-20,wk inc rsv hosp,Toronto,quantile,0.25,16.35
2025-12-13,1,2025-12-20,wk inc rsv hosp,Toronto,quantile,0.5,19.91
2025-12-13,1,2025-12-20,wk inc rsv hosp,Toronto,quantile,0.75,20.9
2025-12-13,1,2025-12-20,wk inc rsv hosp,Toronto,quantile,0.9,22.03
2025-12-13,1,2025-12-20,wk inc rsv hosp,Toronto,quantile,0.975,22.65
2025-12-13,2,2025-12-27,wk inc rsv hosp,Toronto,quantile,0.025,20.31
2025-12-13,2,2025-12-27,wk inc rsv hosp,Toronto,quantile,0.1,21.12
2025-12-13,2,2025-12-27,wk inc rsv hosp,Toronto,quantile,0.25,22.65
2025-12-13,2,2025-12-27,wk inc rsv hosp,Toronto,quantile,0.5,26.68
2025-12-13,2,2025-12-27,wk inc rsv hosp,Toronto,quantile,0.75,28.02
2025-12-13,2,2025-12-27,wk inc rsv hosp,Toronto,quantile,0.9,29.46
2025-12-13,2,2025-12-27,wk inc rsv hosp,Toronto,quantile,0.975,30.43
2025-12-13,3,2026-01-03,wk inc rsv hosp,Toronto,quantile,0.025,28.62
2025-12-13,3,2026-01-03,wk inc rsv hosp,Toronto,quantile,0.1,29.85
2025-12-13,3,2026-01-03,wk inc rsv hosp,Toronto,quantile,0.25,31.82
2025-12-13,3,2026-01-03,wk inc rsv hosp,Toronto,quantile,0.5,36.28
2025-12-13,3,2026-01-03,wk inc rsv hosp,Toronto,quantile,0.75,36.72
2025-12-13,3,2026-01-03,wk inc rsv hosp,Toronto,quantile,0.9,37.33
2025-12-13,3,2026-01-03,wk inc rsv hosp,Toronto,quantile,0.975,37.33
2025-12-13,-1,2025-12-06,wk inc rsv hosp,West,quantile,0.025,1.26
2025-12-13,-1,2025-12-06,wk inc rsv hosp,West,quantile,0.1,2.62
2025-12-13,-1,2025-12-06,wk inc rsv hosp,West,quantile,0.25,4.97
2025-12-13,-1,2025-12-06,wk inc rsv hosp,West,quantile,0.5,9.33
2025-12-13,-1,2025-12-06,wk inc rsv hosp,West,quantile,0.75,10.61
2025-12-13,-1,2025-12-06,wk inc rsv hosp,West,quantile,0.9,11.75
2025-12-13,-1,2025-12-06,wk inc rsv hosp,West,quantile,0.975,13.02
2025-12-13,0,2025-12-13,wk inc rsv hosp,West,quantile,0.025,0.1
2025-12-13,0,2025-12-13,wk inc rsv hosp,West,quantile,0.1,1.29
2025-12-13,0,2025-12-13,wk inc rsv hosp,West,quantile,0.25,3.4
2025-12-13,0,2025-12-13,wk inc rsv hosp,West,quantile,0.5,7.52
2025-12-13,0,2025-12-13,wk inc rsv hosp,West,quantile,0.75,8.66
2025-12-13,0,2025-12-13,wk inc rsv hosp,West,quantile,0.9,9.89
2025-12-13,0,2025-12-13,wk inc rsv hosp,West,quantile,0.975,11.03
2025-12-13,1,2025-12-20,wk inc rsv hosp,West,quantile,0.025,1.26
2025-12-13,1,2025-12-20,wk inc rsv hosp,West,quantile,0.1,2.62
2025-12-13,1,2025-12-20,wk inc rsv hosp,West,quantile,0.25,4.86
2025-12-13,1,2025-12-20,wk inc rsv hosp,West,quantile,0.5,9.05
2025-12-13,1,2025-12-20,wk inc rsv hosp,West,quantile,0.75,10.39
2025-12-13,1,2025-12-20,wk inc rsv hosp,West,quantile,0.9,11.73
2025-12-13,1,2025-12-20,wk inc rsv hosp,West,quantile,0.975,13.01
2025-12-13,2,2025-12-27,wk inc rsv hosp,West,quantile,0.025,3.28
2025-12-13,2,2025-12-27,wk inc rsv hosp,West,quantile,0.1,4.76
2025-12-13,2,2025-12-27,wk inc rsv hosp,West,quantile,0.25,7.11
2025-12-13,2,2025-12-27,wk inc rsv hosp,West,quantile,0.5,11.42
2025-12-13,2,2025-12-27,wk inc rsv hosp,West,quantile,0.75,12.88
2025-12-13,2,2025-12-27,wk inc rsv hosp,West,quantile,0.9,14.33
2025-12-13,2,2025-12-27,wk inc rsv hosp,West,quantile,0.975,15.73
2025-12-13,3,2026-01-03,wk inc rsv hosp,West,quantile,0.025,6.49
2025-12-13,3,2026-01-03,wk inc rsv hosp,West,quantile,0.1,8.08
2025-12-13,3,2026-01-03,wk inc rsv hosp,West,quantile,0.25,10.54
2025-12-13,3,2026-01-03,wk inc rsv hosp,West,quantile,0.5,15.05
2025-12-13,3,2026-01-03,wk inc rsv hosp,West,quantile,0.75,16.74
2025-12-13,3,2026-01-03,wk inc rsv hosp,West,quantile,0.9,18.09
2025-12-13,3,2026-01-03,wk inc rsv hosp,West,quantile,0.975,19.6
