reference_date,target,horizon,location,target_end_date,output_type,output_type_id,value
2025-12-13,wk inc covid hosp,-1,Central,2025-12-06,quantile,0.025,0
2025-12-13,wk inc covid hosp,-1,Central,2025-12-06,quantile,0.1,0
2025-12-13,wk inc covid hosp,-1,Central,2025-12-06,quantile,0.25,0
2025-12-13,wk inc covid hosp,-1,Central,2025-12-06,quantile,0.5,57
2025-12-13,wk inc covid hosp,-1,Central,2025-12-06,quantile,0.75,183
2025-12-13,wk inc covid hosp,-1,Central,2025-12-06,quantile,0.9,246
2025-12-13,wk inc covid hosp,-1,Central,2025-12-06,quantile,0.975,273
2025-12-13,wk inc covid hosp,0,Central,2025-12-13,quantile,0.025,0
2025-12-13,wk inc covid hosp,0,Central,2025-12-13,quantile,0.1,0
2025-12-13,wk inc covid hosp,0,Central,2025-12-13,quantile,0.25,0
2025-12-13,wk inc covid hosp,0,Central,2025-12-13,quantile,0.5,50
2025-12-13,wk inc covid hosp,0,Central,2025-12-13,quantile,0.75,175
2025-12-13,wk inc covid hosp,0,Central,2025-12-13,quantile,0.9,237
2025-12-13,wk inc covid hosp,0,Central,2025-12-13,quantile,0.975,263
2025-12-13,wk inc covid hosp,1,Central,2025-12-20,quantile,0.025,0
2025-12-13,wk inc covid hosp,1,Central,2025-12-20,quantile,0.1,0
2025-12-13,wk inc covid hosp,1,Central,2025-12-20,quantile,0.25,0
2025-12-13,wk inc covid hosp,1,Central,2025-12-20,quantile,0.5,51
2025-12-13,wk inc covid hosp,1,Central,2025-12-20,quantile,0.75,179
2025-12-13,wk inc covid hosp,1,Central,2025-12-20,quantile,0.9,242
2025-12-13,wk inc covid hosp,1,Central,2025-12-20,quantile,0.975,269
2025-12-13,wk inc covid hosp,2,Central,2025-12-27,quantile,0.025,0
2025-12-13,wk inc covid hosp,2,Central,2025-12-27,quantile,0.1,0
2025-12-13,wk inc covid hosp,2,Central,2025-12-27,quantile,0.25,0
2025-12-13,wk inc covid hosp,2,Central,2025-12-27,quantile,0.5,71
2025-12-13,wk inc covid hosp,2,Central,2025-12-27,quantile,0.75,203
2025-12-13,wk inc covid hosp,2,Central,2025-12-27,quantile,0.9,269
2025-12-13,wk inc covid hosp,2,Central,2025-12-27,quantile,0.975,297
2025-12-13,wk inc covid hosp,3,Central,2026-01-03,quantile,0.025,0
2025-12-13,wk inc covid hosp,3,Central,2026-01-03,quantile,0.1,0
2025-12-13,wk inc covid hosp,3,Central,2026-01-03,quantile,0.25,0
2025-12-13,wk inc covid hosp,3,Central,2026-01-03,quantile,0.5,122
2025-12-13,wk inc covid hosp,3,Central,2026-01-03,quantile,0.75,250
2025-12-13,wk inc covid hosp,3,Central,2026-01-03,quantile,0.9,313
2025-12-13,wk inc covid hosp,3,Central,2026-01-03,quantile,0.975,340
2025-12-13,wk inc flu hosp,-1,Central,2025-12-06,quantile,0.025,0
2025-12-13,wk inc flu hosp,-1,Central,2025-12-06,quantile,0.1,9
2025-12-13,wk inc flu hosp,-1,Central,2025-12-06,quantile,0.25,41
2025-12-13,wk inc flu hosp,-1,Central,2025-12-06,quantile,0.5,106
2025-12-13,wk inc flu hosp,-1,Central,2025-12-06,quantile,0.75,172
2025-12-13,wk inc flu hosp,-1,Central,2025-12-06,quantile,0.9,204
2025-12-13,wk inc flu hosp,-1,Central,2025-12-06,quantile,0.975,218
2025-12-13,wk inc flu hosp,0,Central,2025-12-13,quantile,0.025,9
2025-12-13,wk inc flu hosp,0,Central,2025-12-13,quantile,0.1,22
2025-12-13,wk inc flu hosp,0,Central,2025-12-13,quantile,0.25,53
2025-12-13,wk inc flu hosp,0,Central,2025-12-13,quantile,0.5,115
2025-12-13,wk inc flu hosp,0,Central,2025-12-13,quantile,0.75,177
2025-12-13,wk inc flu hosp,0,Central,2025-12-13,quantile,0.9,208
2025-12-13,wk inc flu hosp,0,Central,2025-12-13,quantile,0.975,221
2025-12-13,wk inc flu hosp,1,Central,2025-12-20,quantile,0.025,24
2025-12-13,wk inc flu hosp,1,Central,2025-12-20,quantile,0.1,37
2025-12-13,wk inc flu hosp,1,Central,2025-12-20,quantile,0.25,70
2025-12-13,wk inc flu hosp,1,Central,2025-12-20,quantile,0.5,134
2025-12-13,wk inc flu hosp,1,Central,2025-12-20,quantile,0.75,198
2025-12-13,wk inc flu hosp,1,Central,2025-12-20,quantile,0.9,230
2025-12-13,wk inc flu hosp,1,Central,2025-12-20,quantile,0.975,244
2025-12-13,wk inc flu hosp,2,Central,2025-12-27,quantile,0.025,30
2025-12-13,wk inc flu hosp,2,Central,2025-12-27,quantile,0.1,44
2025-12-13,wk inc flu hosp,2,Central,2025-12-27,quantile,0.25,76
2025-12-13,wk inc flu hosp,2,Central,2025-12-27,quantile,0.5,142
2025-12-13,wk inc flu hosp,2,Central,2025-12-27,quantile,0.75,207
2025-12-13,wk inc flu hosp,2,Central,2025-12-27,quantile,0.9,239
2025-12-13,wk inc flu hosp,2,Central,2025-12-27,quantile,0.975,253
2025-12-13,wk inc flu hosp,3,Central,2026-01-03,quantile,0.025,45
2025-12-13,wk inc flu hosp,3,Central,2026-01-03,quantile,0.1,59
2025-12-13,wk inc flu hosp,3,Central,2026-01-03,quantile,0.25,92
2025-12-13,wk inc flu hosp,3,Central,2026-01-03,quantile,0.5,157
2025-12-13,wk inc flu hosp,3,Central,2026-01-03,quantile,0.75,223
2025-12-13,wk inc flu hosp,3,Central,2026-01-03,quantile,0.9,256
2025-12-13,wk inc flu hosp,3,Central,2026-01-03,quantile,0.975,269
2025-12-13,wk inc rsv hosp,-1,Central,2025-12-06,quantile,0.025,3
2025-12-13,wk inc rsv hosp,-1,Central,2025-12-06,quantile,0.1,4
2025-12-13,wk inc rsv hosp,-1,Central,2025-12-06,quantile,0.25,6
2025-12-13,wk inc rsv hosp,-1,Central,2025-12-06,quantile,0.5,11
2025-12-13,wk inc rsv hosp,-1,Central,2025-12-06,quantile,0.75,15
2025-12-13,wk inc rsv hosp,-1,Central,2025-12-06,quantile,0.9,17
2025-12-13,wk inc rsv hosp,-1,Central,2025-12-06,quantile,0.975,18
2025-12-13,wk inc rsv hosp,0,Central,2025-12-13,quantile,0.025,3
2025-12-13,wk inc rsv hosp,0,Central,2025-12-13,quantile,0.1,4
2025-12-13,wk inc rsv hosp,0,Central,2025-12-13,quantile,0.25,7
2025-12-13,wk inc rsv hosp,0,Central,2025-12-13,quantile,0.5,11
2025-12-13,wk inc rsv hosp,0,Central,2025-12-13,quantile,0.75,16
2025-12-13,wk inc rsv hosp,0,Central,2025-12-13,quantile,0.9,18
2025-12-13,wk inc rsv hosp,0,Central,2025-12-13,quantile,0.975,19
2025-12-13,wk inc rsv hosp,1,Central,2025-12-20,quantile,0.025,4
2025-12-13,wk inc rsv hosp,1,Central,2025-12-20,quantile,0.1,5
2025-12-13,wk inc rsv hosp,1,Central,2025-12-20,quantile,0.25,7
2025-12-13,wk inc rsv hosp,1,Central,2025-12-20,quantile,0.5,12
2025-12-13,wk inc rsv hosp,1,Central,2025-12-20,quantile,0.75,17
2025-12-13,wk inc rsv hosp,1,Central,2025-12-20,quantile,0.9,19
2025-12-13,wk inc rsv hosp,1,Central,2025-12-20,quantile,0.975,20
2025-12-13,wk inc rsv hosp,2,Central,2025-12-27,quantile,0.025,4
2025-12-13,wk inc rsv hosp,2,Central,2025-12-27,quantile,0.1,5
2025-12-13,wk inc rsv hosp,2,Central,2025-12-27,quantile,0.25,7
2025-12-13,wk inc rsv hosp,2,Central,2025-12-27,quantile,0.5,12
2025-12-13,wk inc rsv hosp,2,Central,2025-12-27,quantile,0.75,17
2025-12-13,wk inc rsv hosp,2,Central,2025-12-27,quantile,0.9,19
2025-12-13,wk inc rsv hosp,2,Central,2025-12-27,quantile,0.975,20
2025-12-13,wk inc rsv hosp,3,Central,2026-01-03,quantile,0.025,5
2025-12-13,wk inc rsv hosp,3,Central,2026-01-03,quantile,0.1,6
2025-12-13,wk inc rsv hosp,3,Central,2026-01-03,quantile,0.25,8
2025-12-13,wk inc rsv hosp,3,Central,2026-01-03,quantile,0.5,13
2025-12-13,wk inc rsv hosp,3,Central,2026-01-03,quantile,0.75,17
2025-12-13,wk inc rsv hosp,3,Central,2026-01-03,quantile,0.9,20
2025-12-13,wk inc rsv hosp,3,Central,2026-01-03,quantile,0.975,21
2025-12-13,wk inc covid hosp,-1,East,2025-12-06,quantile,0.025,0
2025-12-13,wk inc covid hosp,-1,East,2025-12-06,quantile,0.1,0
2025-12-13,wk inc covid hosp,-1,East,2025-12-06,quantile,0.25,0
2025-12-13,wk inc covid hosp,-1,East,2025-12-06,quantile,0.5,55
2025-12-13,wk inc covid hosp,-1,East,2025-12-06,quantile,0.75,204
2025-12-13,wk inc covid hosp,-1,East,2025-12-06,quantile,0.9,278
2025-12-13,wk inc covid hosp,-1,East,2025-12-06,quantile,0.975,309
2025-12-13,wk inc covid hosp,0,East,2025-12-13,quantile,0.025,0
2025-12-13,wk inc covid hosp,0,East,2025-12-13,quantile,0.1,0
2025-12-13,wk inc covid hosp,0,East,2025-12-13,quantile,0.25,0
2025-12-13,wk inc covid hosp,0,East,2025-12-13,quantile,0.5,64
2025-12-13,wk inc covid hosp,0,East,2025-12-13,quantile,0.75,215
2025-12-13,wk inc covid hosp,0,East,2025-12-13,quantile,0.9,290
2025-12-13,wk inc covid hosp,0,East,2025-12-13,quantile,0.975,322
2025-12-13,wk inc covid hosp,1,East,2025-12-20,quantile,0.025,0
2025-12-13,wk inc covid hosp,1,East,2025-12-20,quantile,0.1,0
2025-12-13,wk inc covid hosp,1,East,2025-12-20,quantile,0.25,0
2025-12-13,wk inc covid hosp,1,East,2025-12-20,quantile,0.5,62
2025-12-13,wk inc covid hosp,1,East,2025-12-20,quantile,0.75,208
2025-12-13,wk inc covid hosp,1,East,2025-12-20,quantile,0.9,281
2025-12-13,wk inc covid hosp,1,East,2025-12-20,quantile,0.975,312
2025-12-13,wk inc covid hosp,2,East,2025-12-27,quantile,0.025,0
2025-12-13,wk inc covid hosp,2,East,2025-12-27,quantile,0.1,0
2025-12-13,wk inc covid hosp,2,East,2025-12-27,quantile,0.25,0
2025-12-13,wk inc covid hosp,2,East,2025-12-27,quantile,0.5,82
2025-12-13,wk inc covid hosp,2,East,2025-12-27,quantile,0.75,242
2025-12-13,wk inc covid hosp,2,East,2025-12-27,quantile,0.9,321
2025-12-13,wk inc covid hosp,2,East,2025-12-27,quantile,0.975,355
2025-12-13,wk inc covid hosp,3,East,2026-01-03,quantile,0.025,0
2025-12-13,wk inc covid hosp,3,East,2026-01-03,quantile,0.1,0
2025-12-13,wk inc covid hosp,3,East,2026-01-03,quantile,0.25,0
2025-12-13,wk inc covid hosp,3,East,2026-01-03,quantile,0.5,93
2025-12-13,wk inc covid hosp,3,East,2026-01-03,quantile,0.75,246
2025-12-13,wk inc covid hosp,3,East,2026-01-03,quantile,0.9,322
2025-12-13,wk inc covid hosp,3,East,2026-01-03,quantile,0.975,355
2025-12-13,wk inc flu hosp,-1,East,2025-12-06,quantile,0.025,0
2025-12-13,wk inc flu hosp,-1,East,2025-12-06,quantile,0.1,0
2025-12-13,wk inc flu hosp,-1,East,2025-12-06,quantile,0.25,9
2025-12-13,wk inc flu hosp,-1,East,2025-12-06,quantile,0.5,41
2025-12-13,wk inc flu hosp,-1,East,2025-12-06,quantile,0.75,74
2025-12-13,wk inc flu hosp,-1,East,2025-12-06,quantile,0.9,90
2025-12-13,wk inc flu hosp,-1,East,2025-12-06,quantile,0.975,97
2025-12-13,wk inc flu hosp,0,East,2025-12-13,quantile,0.025,0
2025-12-13,wk inc flu hosp,0,East,2025-12-13,quantile,0.1,0
2025-12-13,wk inc flu hosp,0,East,2025-12-13,quantile,0.25,15
2025-12-13,wk inc flu hosp,0,East,2025-12-13,quantile,0.5,48
2025-12-13,wk inc flu hosp,0,East,2025-12-13,quantile,0.75,82
2025-12-13,wk inc flu hosp,0,East,2025-12-13,quantile,0.9,98
2025-12-13,wk inc flu hosp,0,East,2025-12-13,quantile,0.975,105
2025-12-13,wk inc flu hosp,1,East,2025-12-20,quantile,0.025,0
2025-12-13,wk inc flu hosp,1,East,2025-12-20,quantile,0.1,0
2025-12-13,wk inc flu hosp,1,East,2025-12-20,quantile,0.25,16
2025-12-13,wk inc flu hosp,1,East,2025-12-20,quantile,0.5,49
2025-12-13,wk inc flu hosp,1,East,2025-12-20,quantile,0.75,81
2025-12-13,wk inc flu hosp,1,East,2025-12-20,quantile,0.9,98
2025-12-13,wk inc flu hosp,1,East,2025-12-20,quantile,0.975,105
2025-12-13,wk inc flu hosp,2,East,2025-12-27,quantile,0.025,0
2025-12-13,wk inc flu hosp,2,East,2025-12-27,quantile,0.1,0
2025-12-13,wk inc flu hosp,2,East,2025-12-27,quantile,0.25,16
2025-12-13,wk inc flu hosp,2,East,2025-12-27,quantile,0.5,48
2025-12-13,wk inc flu hosp,2,East,2025-12-27,quantile,0.75,80
2025-12-13,wk inc flu hosp,2,East,2025-12-27,quantile,0.9,96
2025-12-13,wk inc flu hosp,2,East,2025-12-27,quantile,0.975,103
2025-12-13,wk inc flu hosp,3,East,2026-01-03,quantile,0.025,0
2025-12-13,wk inc flu hosp,3,East,2026-01-03,quantile,0.1,0
2025-12-13,wk inc flu hosp,3,East,2026-01-03,quantile,0.25,16
2025-12-13,wk inc flu hosp,3,East,2026-01-03,quantile,0.5,50
2025-12-13,wk inc flu hosp,3,East,2026-01-03,quantile,0.75,84
2025-12-13,wk inc flu hosp,3,East,2026-01-03,quantile,0.9,101
2025-12-13,wk inc flu hosp,3,East,2026-01-03,quantile,0.975,108
2025-12-13,wk inc rsv hosp,-1,East,2025-12-06,quantile,0.025,3
2025-12-13,wk inc rsv hosp,-1,East,2025-12-06,quantile,0.1,4
2025-12-13,wk inc rsv hosp,-1,East,2025-12-06,quantile,0.25,7
2025-12-13,wk inc rsv hosp,-1,East,2025-12-06,quantile,0.5,13
2025-12-13,wk inc rsv hosp,-1,East,2025-12-06,quantile,0.75,20
2025-12-13,wk inc rsv hosp,-1,East,2025-12-06,quantile,0.9,23
2025-12-13,wk inc rsv hosp,-1,East,2025-12-06,quantile,0.975,24
2025-12-13,wk inc rsv hosp,0,East,2025-12-13,quantile,0.025,6
2025-12-13,wk inc rsv hosp,0,East,2025-12-13,quantile,0.1,8
2025-12-13,wk inc rsv hosp,0,East,2025-12-13,quantile,0.25,11
2025-12-13,wk inc rsv hosp,0,East,2025-12-13,quantile,0.5,17
2025-12-13,wk inc rsv hosp,0,East,2025-12-13,quantile,0.75,23
2025-12-13,wk inc rsv hosp,0,East,2025-12-13,quantile,0.9,26
2025-12-13,wk inc rsv hosp,0,East,2025-12-13,quantile,0.975,27
2025-12-13,wk inc rsv hosp,1,East,2025-12-20,quantile,0.025,7
2025-12-13,wk inc rsv hosp,1,East,2025-12-20,quantile,0.1,8
2025-12-13,wk inc rsv hosp,1,East,2025-12-20,quantile,0.25,12
2025-12-13,wk inc rsv hosp,1,East,2025-12-20,quantile,0.5,18
2025-12-13,wk inc rsv hosp,1,East,2025-12-20,quantile,0.75,24
2025-12-13,wk inc rsv hosp,1,East,2025-12-20,quantile,0.9,27
2025-12-13,wk inc rsv hosp,1,East,2025-12-20,quantile,0.975,28
2025-12-13,wk inc rsv hosp,2,East,2025-12-27,quantile,0.025,8
2025-12-13,wk inc rsv hosp,2,East,2025-12-27,quantile,0.1,9
2025-12-13,wk inc rsv hosp,2,East,2025-12-27,quantile,0.25,12
2025-12-13,wk inc rsv hosp,2,East,2025-12-27,quantile,0.5,18
2025-12-13,wk inc rsv hosp,2,East,2025-12-27,quantile,0.75,25
2025-12-13,wk inc rsv hosp,2,East,2025-12-27,quantile,0.9,28
2025-12-13,wk inc rsv hosp,2,East,2025-12-27,quantile,0.975,29
2025-12-13,wk inc rsv hosp,3,East,2026-01-03,quantile,0.025,7
2025-12-13,wk inc rsv hosp,3,East,2026-01-03,quantile,0.1,8
2025-12-13,wk inc rsv hosp,3,East,2026-01-03,quantile,0.25,12
2025-12-13,wk inc rsv hosp,3,East,2026-01-03,quantile,0.5,18
2025-12-13,wk inc rsv hosp,3,East,2026-01-03,quantile,0.75,24
2025-12-13,wk inc rsv hosp,3,East,2026-01-03,quantile,0.9,27
2025-12-13,wk inc rsv hosp,3,East,2026-01-03,quantile,0.975,29
2025-12-13,wk inc covid hosp,-1,North East,2025-12-06,quantile,0.025,0
2025-12-13,wk inc covid hosp,-1,North East,2025-12-06,quantile,0.1,0
2025-12-13,wk inc covid hosp,-1,North East,2025-12-06,quantile,0.25,0
2025-12-13,wk inc covid hosp,-1,North East,2025-12-06,quantile,0.5,13
2025-12-13,wk inc covid hosp,-1,North East,2025-12-06,quantile,0.75,51
2025-12-13,wk inc covid hosp,-1,North East,2025-12-06,quantile,0.9,70
2025-12-13,wk inc covid hosp,-1,North East,2025-12-06,quantile,0.975,78
2025-12-13,wk inc covid hosp,0,North East,2025-12-13,quantile,0.025,0
2025-12-13,wk inc covid hosp,0,North East,2025-12-13,quantile,0.1,0
2025-12-13,wk inc covid hosp,0,North East,2025-12-13,quantile,0.25,0
2025-12-13,wk inc covid hosp,0,North East,2025-12-13,quantile,0.5,7
2025-12-13,wk inc covid hosp,0,North East,2025-12-13,quantile,0.75,45
2025-12-13,wk inc covid hosp,0,North East,2025-12-13,quantile,0.9,64
2025-12-13,wk inc covid hosp,0,North East,2025-12-13,quantile,0.975,72
2025-12-13,wk inc covid hosp,1,North East,2025-12-20,quantile,0.025,0
2025-12-13,wk inc covid hosp,1,North East,2025-12-20,quantile,0.1,0
2025-12-13,wk inc covid hosp,1,North East,2025-12-20,quantile,0.25,0
2025-12-13,wk inc covid hosp,1,North East,2025-12-20,quantile,0.5,5
2025-12-13,wk inc covid hosp,1,North East,2025-12-20,quantile,0.75,42
2025-12-13,wk inc covid hosp,1,North East,2025-12-20,quantile,0.9,60
2025-12-13,wk inc covid hosp,1,North East,2025-12-20,quantile,0.975,68
2025-12-13,wk inc covid hosp,2,North East,2025-12-27,quantile,0.025,0
2025-12-13,wk inc covid hosp,2,North East,2025-12-27,quantile,0.1,0
2025-12-13,wk inc covid hosp,2,North East,2025-12-27,quantile,0.25,0
2025-12-13,wk inc covid hosp,2,North East,2025-12-27,quantile,0.5,4
2025-12-13,wk inc covid hosp,2,North East,2025-12-27,quantile,0.75,40
2025-12-13,wk inc covid hosp,2,North East,2025-12-27,quantile,0.9,59
2025-12-13,wk inc covid hosp,2,North East,2025-12-27,quantile,0.975,66
2025-12-13,wk inc covid hosp,3,North East,2026-01-03,quantile,0.025,0
2025-12-13,wk inc covid hosp,3,North East,2026-01-03,quantile,0.1,0
2025-12-13,wk inc covid hosp,3,North East,2026-01-03,quantile,0.25,0
2025-12-13,wk inc covid hosp,3,North East,2026-01-03,quantile,0.5,10
2025-12-13,wk inc covid hosp,3,North East,2026-01-03,quantile,0.75,49
2025-12-13,wk inc covid hosp,3,North East,2026-01-03,quantile,0.9,68
2025-12-13,wk inc covid hosp,3,North East,2026-01-03,quantile,0.975,77
2025-12-13,wk inc flu hosp,-1,North East,2025-12-06,quantile,0.025,0
2025-12-13,wk inc flu hosp,-1,North East,2025-12-06,quantile,0.1,0
2025-12-13,wk inc flu hosp,-1,North East,2025-12-06,quantile,0.25,1
2025-12-13,wk inc flu hosp,-1,North East,2025-12-06,quantile,0.5,15
2025-12-13,wk inc flu hosp,-1,North East,2025-12-06,quantile,0.75,30
2025-12-13,wk inc flu hosp,-1,North East,2025-12-06,quantile,0.9,38
2025-12-13,wk inc flu hosp,-1,North East,2025-12-06,quantile,0.975,41
2025-12-13,wk inc flu hosp,0,North East,2025-12-13,quantile,0.025,0
2025-12-13,wk inc flu hosp,0,North East,2025-12-13,quantile,0.1,0
2025-12-13,wk inc flu hosp,0,North East,2025-12-13,quantile,0.25,6
2025-12-13,wk inc flu hosp,0,North East,2025-12-13,quantile,0.5,21
2025-12-13,wk inc flu hosp,0,North East,2025-12-13,quantile,0.75,36
2025-12-13,wk inc flu hosp,0,North East,2025-12-13,quantile,0.9,44
2025-12-13,wk inc flu hosp,0,North East,2025-12-13,quantile,0.975,47
2025-12-13,wk inc flu hosp,1,North East,2025-12-20,quantile,0.025,0
2025-12-13,wk inc flu hosp,1,North East,2025-12-20,quantile,0.1,4
2025-12-13,wk inc flu hosp,1,North East,2025-12-20,quantile,0.25,11
2025-12-13,wk inc flu hosp,1,North East,2025-12-20,quantile,0.5,26
2025-12-13,wk inc flu hosp,1,North East,2025-12-20,quantile,0.75,40
2025-12-13,wk inc flu hosp,1,North East,2025-12-20,quantile,0.9,48
2025-12-13,wk inc flu hosp,1,North East,2025-12-20,quantile,0.975,51
2025-12-13,wk inc flu hosp,2,North East,2025-12-27,quantile,0.025,0
2025-12-13,wk inc flu hosp,2,North East,2025-12-27,quantile,0.1,1
2025-12-13,wk inc flu hosp,2,North East,2025-12-27,quantile,0.25,8
2025-12-13,wk inc flu hosp,2,North East,2025-12-27,quantile,0.5,22
2025-12-13,wk inc flu hosp,2,North East,2025-12-27,quantile,0.75,36
2025-12-13,wk inc flu hosp,2,North East,2025-12-27,quantile,0.9,43
2025-12-13,wk inc flu hosp,2,North East,2025-12-27,quantile,0.975,46
2025-12-13,wk inc flu hosp,3,North East,2026-01-03,quantile,0.025,0
2025-12-13,wk inc flu hosp,3,North East,2026-01-03,quantile,0.1,0
2025-12-13,wk inc flu hosp,3,North East,2026-01-03,quantile,0.25,5
2025-12-13,wk inc flu hosp,3,North East,2026-01-03,quantile,0.5,21
2025-12-13,wk inc flu hosp,3,North East,2026-01-03,quantile,0.75,37
2025-12-13,wk inc flu hosp,3,North East,2026-01-03,quantile,0.9,45
2025-12-13,wk inc flu hosp,3,North East,2026-01-03,quantile,0.975,48
2025-12-13,wk inc rsv hosp,-1,North East,2025-12-06,quantile,0.025,0
2025-12-13,wk inc rsv hosp,-1,North East,2025-12-06,quantile,0.1,0
2025-12-13,wk inc rsv hosp,-1,North East,2025-12-06,quantile,0.25,0
2025-12-13,wk inc rsv hosp,-1,North East,2025-12-06,quantile,0.5,0
2025-12-13,wk inc rsv hosp,-1,North East,2025-12-06,quantile,0.75,1
2025-12-13,wk inc rsv hosp,-1,North East,2025-12-06,quantile,0.9,1
2025-12-13,wk inc rsv hosp,-1,North East,2025-12-06,quantile,0.975,1
2025-12-13,wk inc rsv hosp,0,North East,2025-12-13,quantile,0.025,0
2025-12-13,wk inc rsv hosp,0,North East,2025-12-13,quantile,0.1,0
2025-12-13,wk inc rsv hosp,0,North East,2025-12-13,quantile,0.25,0
2025-12-13,wk inc rsv hosp,0,North East,2025-12-13,quantile,0.5,1
2025-12-13,wk inc rsv hosp,0,North East,2025-12-13,quantile,0.75,1
2025-12-13,wk inc rsv hosp,0,North East,2025-12-13,quantile,0.9,2
2025-12-13,wk inc rsv hosp,0,North East,2025-12-13,quantile,0.975,2
2025-12-13,wk inc rsv hosp,1,North East,2025-12-20,quantile,0.025,0
2025-12-13,wk inc rsv hosp,1,North East,2025-12-20,quantile,0.1,0
2025-12-13,wk inc rsv hosp,1,North East,2025-12-20,quantile,0.25,1
2025-12-13,wk inc rsv hosp,1,North East,2025-12-20,quantile,0.5,1
2025-12-13,wk inc rsv hosp,1,North East,2025-12-20,quantile,0.75,2
2025-12-13,wk inc rsv hosp,1,North East,2025-12-20,quantile,0.9,2
2025-12-13,wk inc rsv hosp,1,North East,2025-12-20,quantile,0.975,2
2025-12-13,wk inc rsv hosp,2,North East,2025-12-27,quantile,0.025,1
2025-12-13,wk inc rsv hosp,2,North East,2025-12-27,quantile,0.1,1
2025-12-13,wk inc rsv hosp,2,North East,2025-12-27,quantile,0.25,1
2025-12-13,wk inc rsv hosp,2,North East,2025-12-27,quantile,0.5,2
2025-12-13,wk inc rsv hosp,2,North East,2025-12-27,quantile,0.75,2
2025-12-13,wk inc rsv hosp,2,North East,2025-12-27,quantile,0.9,2
2025-12-13,wk inc rsv hosp,2,North East,2025-12-27,quantile,0.975,2
2025-12-13,wk inc rsv hosp,3,North East,2026-01-03,quantile,0.025,1
2025-12-13,wk inc rsv hosp,3,North East,2026-01-03,quantile,0.1,1
2025-12-13,wk inc rsv hosp,3,North East,2026-01-03,quantile,0.25,1
2025-12-13,wk inc rsv hosp,3,North East,2026-01-03,quantile,0.5,2
2025-12-13,wk inc rsv hosp,3,North East,2026-01-03,quantile,0.75,2
2025-12-13,wk inc rsv hosp,3,North East,2026-01-03,quantile,0.9,3
2025-12-13,wk inc rsv hosp,3,North East,2026-01-03,quantile,0.975,3
2025-12-13,wk inc covid hosp,-1,North West,2025-12-06,quantile,0.025,0
2025-12-13,wk inc covid hosp,-1,North West,2025-12-06,quantile,0.1,0
2025-12-13,wk inc covid hosp,-1,North West,2025-12-06,quantile,0.25,0
2025-12-13,wk inc covid hosp,-1,North West,2025-12-06,quantile,0.5,0
2025-12-13,wk inc covid hosp,-1,North West,2025-12-06,quantile,0.75,-41
2025-12-13,wk inc covid hosp,-1,North West,2025-12-06,quantile,0.9,-64
2025-12-13,wk inc covid hosp,-1,North West,2025-12-06,quantile,0.975,-73
2025-12-13,wk inc covid hosp,0,North West,2025-12-13,quantile,0.025,0
2025-12-13,wk inc covid hosp,0,North West,2025-12-13,quantile,0.1,0
2025-12-13,wk inc covid hosp,0,North West,2025-12-13,quantile,0.25,0
2025-12-13,wk inc covid hosp,0,North West,2025-12-13,quantile,0.5,0
2025-12-13,wk inc covid hosp,0,North West,2025-12-13,quantile,0.75,-37
2025-12-13,wk inc covid hosp,0,North West,2025-12-13,quantile,0.9,-58
2025-12-13,wk inc covid hosp,0,North West,2025-12-13,quantile,0.975,-67
2025-12-13,wk inc covid hosp,1,North West,2025-12-20,quantile,0.025,0
2025-12-13,wk inc covid hosp,1,North West,2025-12-20,quantile,0.1,0
2025-12-13,wk inc covid hosp,1,North West,2025-12-20,quantile,0.25,0
2025-12-13,wk inc covid hosp,1,North West,2025-12-20,quantile,0.5,0
2025-12-13,wk inc covid hosp,1,North West,2025-12-20,quantile,0.75,-34
2025-12-13,wk inc covid hosp,1,North West,2025-12-20,quantile,0.9,-55
2025-12-13,wk inc covid hosp,1,North West,2025-12-20,quantile,0.975,-64
2025-12-13,wk inc covid hosp,2,North West,2025-12-27,quantile,0.025,0
2025-12-13,wk inc covid hosp,2,North West,2025-12-27,quantile,0.1,0
2025-12-13,wk inc covid hosp,2,North West,2025-12-27,quantile,0.25,0
2025-12-13,wk inc covid hosp,2,North West,2025-12-27,quantile,0.5,0
2025-12-13,wk inc covid hosp,2,North West,2025-12-27,quantile,0.75,-40
2025-12-13,wk inc covid hosp,2,North West,2025-12-27,quantile,0.9,-63
2025-12-13,wk inc covid hosp,2,North West,2025-12-27,quantile,0.975,-72
2025-12-13,wk inc covid hosp,3,North West,2026-01-03,quantile,0.025,0
2025-12-13,wk inc covid hosp,3,North West,2026-01-03,quantile,0.1,0
2025-12-13,wk inc covid hosp,3,North West,2026-01-03,quantile,0.25,0
2025-12-13,wk inc covid hosp,3,North West,2026-01-03,quantile,0.5,-1
2025-12-13,wk inc covid hosp,3,North West,2026-01-03,quantile,0.75,-46
2025-12-13,wk inc covid hosp,3,North West,2026-01-03,quantile,0.9,-68
2025-12-13,wk inc covid hosp,3,North West,2026-01-03,quantile,0.975,-78
2025-12-13,wk inc flu hosp,-1,North West,2025-12-06,quantile,0.025,0
2025-12-13,wk inc flu hosp,-1,North West,2025-12-06,quantile,0.1,0
2025-12-13,wk inc flu hosp,-1,North West,2025-12-06,quantile,0.25,0
2025-12-13,wk inc flu hosp,-1,North West,2025-12-06,quantile,0.5,4
2025-12-13,wk inc flu hosp,-1,North West,2025-12-06,quantile,0.75,13
2025-12-13,wk inc flu hosp,-1,North West,2025-12-06,quantile,0.9,18
2025-12-13,wk inc flu hosp,-1,North West,2025-12-06,quantile,0.975,20
2025-12-13,wk inc flu hosp,0,North West,2025-12-13,quantile,0.025,0
2025-12-13,wk inc flu hosp,0,North West,2025-12-13,quantile,0.1,0
2025-12-13,wk inc flu hosp,0,North West,2025-12-13,quantile,0.25,0
2025-12-13,wk inc flu hosp,0,North West,2025-12-13,quantile,0.5,6
2025-12-13,wk inc flu hosp,0,North West,2025-12-13,quantile,0.75,16
2025-12-13,wk inc flu hosp,0,North West,2025-12-13,quantile,0.9,20
2025-12-13,wk inc flu hosp,0,North West,2025-12-13,quantile,0.975,22
2025-12-13,wk inc flu hosp,1,North West,2025-12-20,quantile,0.025,0
2025-12-13,wk inc flu hosp,1,North West,2025-12-20,quantile,0.1,0
2025-12-13,wk inc flu hosp,1,North West,2025-12-20,quantile,0.25,0
2025-12-13,wk inc flu hosp,1,North West,2025-12-20,quantile,0.5,9
2025-12-13,wk inc flu hosp,1,North West,2025-12-20,quantile,0.75,18
2025-12-13,wk inc flu hosp,1,North West,2025-12-20,quantile,0.9,23
2025-12-13,wk inc flu hosp,1,North West,2025-12-20,quantile,0.975,25
2025-12-13,wk inc flu hosp,2,North West,2025-12-27,quantile,0.025,0
2025-12-13,wk inc flu hosp,2,North West,2025-12-27,quantile,0.1,0
2025-12-13,wk inc flu hosp,2,North West,2025-12-27,quantile,0.25,3
2025-12-13,wk inc flu hosp,2,North West,2025-12-27,quantile,0.5,12
2025-12-13,wk inc flu hosp,2,North West,2025-12-27,quantile,0.75,21
2025-12-13,wk inc flu hosp,2,North West,2025-12-27,quantile,0.9,26
2025-12-13,wk inc flu hosp,2,North West,2025-12-27,quantile,0.975,28
2025-12-13,wk inc flu hosp,3,North West,2026-01-03,quantile,0.025,0
2025-12-13,wk inc flu hosp,3,North West,2026-01-03,quantile,0.1,0
2025-12-13,wk inc flu hosp,3,North West,2026-01-03,quantile,0.25,2
2025-12-13,wk inc flu hosp,3,North West,2026-01-03,quantile,0.5,12
2025-12-13,wk inc flu hosp,3,North West,2026-01-03,quantile,0.75,21
2025-12-13,wk inc flu hosp,3,North West,2026-01-03,quantile,0.9,26
2025-12-13,wk inc flu hosp,3,North West,2026-01-03,quantile,0.975,28
2025-12-13,wk inc rsv hosp,-1,North West,2025-12-06,quantile,0.025,0
2025-12-13,wk inc rsv hosp,-1,North West,2025-12-06,quantile,0.1,0
2025-12-13,wk inc rsv hosp,-1,North West,2025-12-06,quantile,0.25,0
2025-12-13,wk inc rsv hosp,-1,North West,2025-12-06,quantile,0.5,0
2025-12-13,wk inc rsv hosp,-1,North West,2025-12-06,quantile,0.75,0
2025-12-13,wk inc rsv hosp,-1,North West,2025-12-06,quantile,0.9,0
2025-12-13,wk inc rsv hosp,-1,North West,2025-12-06,quantile,0.975,0
2025-12-13,wk inc rsv hosp,0,North West,2025-12-13,quantile,0.025,0
2025-12-13,wk inc rsv hosp,0,North West,2025-12-13,quantile,0.1,0
2025-12-13,wk inc rsv hosp,0,North West,2025-12-13,quantile,0.25,0
2025-12-13,wk inc rsv hosp,0,North West,2025-12-13,quantile,0.5,0
2025-12-13,wk inc rsv hosp,0,North West,2025-12-13,quantile,0.75,0
2025-12-13,wk inc rsv hosp,0,North West,2025-12-13,quantile,0.9,0
2025-12-13,wk inc rsv hosp,0,North West,2025-12-13,quantile,0.975,0
2025-12-13,wk inc rsv hosp,1,North West,2025-12-20,quantile,0.025,0
2025-12-13,wk inc rsv hosp,1,North West,2025-12-20,quantile,0.1,0
2025-12-13,wk inc rsv hosp,1,North West,2025-12-20,quantile,0.25,0
2025-12-13,wk inc rsv hosp,1,North West,2025-12-20,quantile,0.5,0
2025-12-13,wk inc rsv hosp,1,North West,2025-12-20,quantile,0.75,0
2025-12-13,wk inc rsv hosp,1,North West,2025-12-20,quantile,0.9,0
2025-12-13,wk inc rsv hosp,1,North West,2025-12-20,quantile,0.975,0
2025-12-13,wk inc rsv hosp,2,North West,2025-12-27,quantile,0.025,0
2025-12-13,wk inc rsv hosp,2,North West,2025-12-27,quantile,0.1,0
2025-12-13,wk inc rsv hosp,2,North West,2025-12-27,quantile,0.25,0
2025-12-13,wk inc rsv hosp,2,North West,2025-12-27,quantile,0.5,0
2025-12-13,wk inc rsv hosp,2,North West,2025-12-27,quantile,0.75,0
2025-12-13,wk inc rsv hosp,2,North West,2025-12-27,quantile,0.9,0
2025-12-13,wk inc rsv hosp,2,North West,2025-12-27,quantile,0.975,0
2025-12-13,wk inc rsv hosp,3,North West,2026-01-03,quantile,0.025,0
2025-12-13,wk inc rsv hosp,3,North West,2026-01-03,quantile,0.1,0
2025-12-13,wk inc rsv hosp,3,North West,2026-01-03,quantile,0.25,0
2025-12-13,wk inc rsv hosp,3,North West,2026-01-03,quantile,0.5,0
2025-12-13,wk inc rsv hosp,3,North West,2026-01-03,quantile,0.75,0
2025-12-13,wk inc rsv hosp,3,North West,2026-01-03,quantile,0.9,0
2025-12-13,wk inc rsv hosp,3,North West,2026-01-03,quantile,0.975,0
2025-12-13,wk inc covid hosp,-1,Ontario,2025-12-06,quantile,0.025,0
2025-12-13,wk inc covid hosp,-1,Ontario,2025-12-06,quantile,0.1,0
2025-12-13,wk inc covid hosp,-1,Ontario,2025-12-06,quantile,0.25,0
2025-12-13,wk inc covid hosp,-1,Ontario,2025-12-06,quantile,0.5,296
2025-12-13,wk inc covid hosp,-1,Ontario,2025-12-06,quantile,0.75,1073
2025-12-13,wk inc covid hosp,-1,Ontario,2025-12-06,quantile,0.9,1460
2025-12-13,wk inc covid hosp,-1,Ontario,2025-12-06,quantile,0.975,1623
2025-12-13,wk inc covid hosp,0,Ontario,2025-12-13,quantile,0.025,0
2025-12-13,wk inc covid hosp,0,Ontario,2025-12-13,quantile,0.1,0
2025-12-13,wk inc covid hosp,0,Ontario,2025-12-13,quantile,0.25,0
2025-12-13,wk inc covid hosp,0,Ontario,2025-12-13,quantile,0.5,290
2025-12-13,wk inc covid hosp,0,Ontario,2025-12-13,quantile,0.75,1039
2025-12-13,wk inc covid hosp,0,Ontario,2025-12-13,quantile,0.9,1412
2025-12-13,wk inc covid hosp,0,Ontario,2025-12-13,quantile,0.975,1569
2025-12-13,wk inc covid hosp,1,Ontario,2025-12-20,quantile,0.025,0
2025-12-13,wk inc covid hosp,1,Ontario,2025-12-20,quantile,0.1,0
2025-12-13,wk inc covid hosp,1,Ontario,2025-12-20,quantile,0.25,0
2025-12-13,wk inc covid hosp,1,Ontario,2025-12-20,quantile,0.5,357
2025-12-13,wk inc covid hosp,1,Ontario,2025-12-20,quantile,0.75,1167
2025-12-13,wk inc covid hosp,1,Ontario,2025-12-20,quantile,0.9,1571
2025-12-13,wk inc covid hosp,1,Ontario,2025-12-20,quantile,0.975,1741
2025-12-13,wk inc covid hosp,2,Ontario,2025-12-27,quantile,0.025,0
2025-12-13,wk inc covid hosp,2,Ontario,2025-12-27,quantile,0.1,0
2025-12-13,wk inc covid hosp,2,Ontario,2025-12-27,quantile,0.25,0
2025-12-13,wk inc covid hosp,2,Ontario,2025-12-27,quantile,0.5,455
2025-12-13,wk inc covid hosp,2,Ontario,2025-12-27,quantile,0.75,1303
2025-12-13,wk inc covid hosp,2,Ontario,2025-12-27,quantile,0.9,1726
2025-12-13,wk inc covid hosp,2,Ontario,2025-12-27,quantile,0.975,1904
2025-12-13,wk inc covid hosp,3,Ontario,2026-01-03,quantile,0.025,0
2025-12-13,wk inc covid hosp,3,Ontario,2026-01-03,quantile,0.1,0
2025-12-13,wk inc covid hosp,3,Ontario,2026-01-03,quantile,0.25,0
2025-12-13,wk inc covid hosp,3,Ontario,2026-01-03,quantile,0.5,728
2025-12-13,wk inc covid hosp,3,Ontario,2026-01-03,quantile,0.75,1546
2025-12-13,wk inc covid hosp,3,Ontario,2026-01-03,quantile,0.9,1954
2025-12-13,wk inc covid hosp,3,Ontario,2026-01-03,quantile,0.975,2126
2025-12-13,wk inc flu hosp,-1,Ontario,2025-12-06,quantile,0.025,0
2025-12-13,wk inc flu hosp,-1,Ontario,2025-12-06,quantile,0.1,1
2025-12-13,wk inc flu hosp,-1,Ontario,2025-12-06,quantile,0.25,124
2025-12-13,wk inc flu hosp,-1,Ontario,2025-12-06,quantile,0.5,371
2025-12-13,wk inc flu hosp,-1,Ontario,2025-12-06,quantile,0.75,617
2025-12-13,wk inc flu hosp,-1,Ontario,2025-12-06,quantile,0.9,740
2025-12-13,wk inc flu hosp,-1,Ontario,2025-12-06,quantile,0.975,792
2025-12-13,wk inc flu hosp,0,Ontario,2025-12-13,quantile,0.025,11
2025-12-13,wk inc flu hosp,0,Ontario,2025-12-13,quantile,0.1,63
2025-12-13,wk inc flu hosp,0,Ontario,2025-12-13,quantile,0.25,187
2025-12-13,wk inc flu hosp,0,Ontario,2025-12-13,quantile,0.5,437
2025-12-13,wk inc flu hosp,0,Ontario,2025-12-13,quantile,0.75,686
2025-12-13,wk inc flu hosp,0,Ontario,2025-12-13,quantile,0.9,811
2025-12-13,wk inc flu hosp,0,Ontario,2025-12-13,quantile,0.975,863
2025-12-13,wk inc flu hosp,1,Ontario,2025-12-20,quantile,0.025,47
2025-12-13,wk inc flu hosp,1,Ontario,2025-12-20,quantile,0.1,101
2025-12-13,wk inc flu hosp,1,Ontario,2025-12-20,quantile,0.25,230
2025-12-13,wk inc flu hosp,1,Ontario,2025-12-20,quantile,0.5,488
2025-12-13,wk inc flu hosp,1,Ontario,2025-12-20,quantile,0.75,746
2025-12-13,wk inc flu hosp,1,Ontario,2025-12-20,quantile,0.9,875
2025-12-13,wk inc flu hosp,1,Ontario,2025-12-20,quantile,0.975,929
2025-12-13,wk inc flu hosp,2,Ontario,2025-12-27,quantile,0.025,40
2025-12-13,wk inc flu hosp,2,Ontario,2025-12-27,quantile,0.1,97
2025-12-13,wk inc flu hosp,2,Ontario,2025-12-27,quantile,0.25,231
2025-12-13,wk inc flu hosp,2,Ontario,2025-12-27,quantile,0.5,500
2025-12-13,wk inc flu hosp,2,Ontario,2025-12-27,quantile,0.75,769
2025-12-13,wk inc flu hosp,2,Ontario,2025-12-27,quantile,0.9,903
2025-12-13,wk inc flu hosp,2,Ontario,2025-12-27,quantile,0.975,960
2025-12-13,wk inc flu hosp,3,Ontario,2026-01-03,quantile,0.025,70
2025-12-13,wk inc flu hosp,3,Ontario,2026-01-03,quantile,0.1,124
2025-12-13,wk inc flu hosp,3,Ontario,2026-01-03,quantile,0.25,253
2025-12-13,wk inc flu hosp,3,Ontario,2026-01-03,quantile,0.5,512
2025-12-13,wk inc flu hosp,3,Ontario,2026-01-03,quantile,0.75,771
2025-12-13,wk inc flu hosp,3,Ontario,2026-01-03,quantile,0.9,900
2025-12-13,wk inc flu hosp,3,Ontario,2026-01-03,quantile,0.975,954
2025-12-13,wk inc rsv hosp,-1,Ontario,2025-12-06,quantile,0.025,13
2025-12-13,wk inc rsv hosp,-1,Ontario,2025-12-06,quantile,0.1,18
2025-12-13,wk inc rsv hosp,-1,Ontario,2025-12-06,quantile,0.25,29
2025-12-13,wk inc rsv hosp,-1,Ontario,2025-12-06,quantile,0.5,52
2025-12-13,wk inc rsv hosp,-1,Ontario,2025-12-06,quantile,0.75,76
2025-12-13,wk inc rsv hosp,-1,Ontario,2025-12-06,quantile,0.9,87
2025-12-13,wk inc rsv hosp,-1,Ontario,2025-12-06,quantile,0.975,92
2025-12-13,wk inc rsv hosp,0,Ontario,2025-12-13,quantile,0.025,21
2025-12-13,wk inc rsv hosp,0,Ontario,2025-12-13,quantile,0.1,27
2025-12-13,wk inc rsv hosp,0,Ontario,2025-12-13,quantile,0.25,39
2025-12-13,wk inc rsv hosp,0,Ontario,2025-12-13,quantile,0.5,63
2025-12-13,wk inc rsv hosp,0,Ontario,2025-12-13,quantile,0.75,88
2025-12-13,wk inc rsv hosp,0,Ontario,2025-12-13,quantile,0.9,100
2025-12-13,wk inc rsv hosp,0,Ontario,2025-12-13,quantile,0.975,105
2025-12-13,wk inc rsv hosp,1,Ontario,2025-12-20,quantile,0.025,26
2025-12-13,wk inc rsv hosp,1,Ontario,2025-12-20,quantile,0.1,31
2025-12-13,wk inc rsv hosp,1,Ontario,2025-12-20,quantile,0.25,43
2025-12-13,wk inc rsv hosp,1,Ontario,2025-12-20,quantile,0.5,68
2025-12-13,wk inc rsv hosp,1,Ontario,2025-12-20,quantile,0.75,93
2025-12-13,wk inc rsv hosp,1,Ontario,2025-12-20,quantile,0.9,105
2025-12-13,wk inc rsv hosp,1,Ontario,2025-12-20,quantile,0.975,111
2025-12-13,wk inc rsv hosp,2,Ontario,2025-12-27,quantile,0.025,29
2025-12-13,wk inc rsv hosp,2,Ontario,2025-12-27,quantile,0.1,34
2025-12-13,wk inc rsv hosp,2,Ontario,2025-12-27,quantile,0.25,45
2025-12-13,wk inc rsv hosp,2,Ontario,2025-12-27,quantile,0.5,69
2025-12-13,wk inc rsv hosp,2,Ontario,2025-12-27,quantile,0.75,93
2025-12-13,wk inc rsv hosp,2,Ontario,2025-12-27,quantile,0.9,104
2025-12-13,wk inc rsv hosp,2,Ontario,2025-12-27,quantile,0.975,109
2025-12-13,wk inc rsv hosp,3,Ontario,2026-01-03,quantile,0.025,30
2025-12-13,wk inc rsv hosp,3,Ontario,2026-01-03,quantile,0.1,35
2025-12-13,wk inc rsv hosp,3,Ontario,2026-01-03,quantile,0.25,47
2025-12-13,wk inc rsv hosp,3,Ontario,2026-01-03,quantile,0.5,72
2025-12-13,wk inc rsv hosp,3,Ontario,2026-01-03,quantile,0.75,97
2025-12-13,wk inc rsv hosp,3,Ontario,2026-01-03,quantile,0.9,109
2025-12-13,wk inc rsv hosp,3,Ontario,2026-01-03,quantile,0.975,114
2025-12-13,wk inc covid hosp,-1,Toronto,2025-12-06,quantile,0.025,0
2025-12-13,wk inc covid hosp,-1,Toronto,2025-12-06,quantile,0.1,0
2025-12-13,wk inc covid hosp,-1,Toronto,2025-12-06,quantile,0.25,0
2025-12-13,wk inc covid hosp,-1,Toronto,2025-12-06,quantile,0.5,59
2025-12-13,wk inc covid hosp,-1,Toronto,2025-12-06,quantile,0.75,296
2025-12-13,wk inc covid hosp,-1,Toronto,2025-12-06,quantile,0.9,414
2025-12-13,wk inc covid hosp,-1,Toronto,2025-12-06,quantile,0.975,463
2025-12-13,wk inc covid hosp,0,Toronto,2025-12-13,quantile,0.025,0
2025-12-13,wk inc covid hosp,0,Toronto,2025-12-13,quantile,0.1,0
2025-12-13,wk inc covid hosp,0,Toronto,2025-12-13,quantile,0.25,0
2025-12-13,wk inc covid hosp,0,Toronto,2025-12-13,quantile,0.5,72
2025-12-13,wk inc covid hosp,0,Toronto,2025-12-13,quantile,0.75,308
2025-12-13,wk inc covid hosp,0,Toronto,2025-12-13,quantile,0.9,426
2025-12-13,wk inc covid hosp,0,Toronto,2025-12-13,quantile,0.975,475
2025-12-13,wk inc covid hosp,1,Toronto,2025-12-20,quantile,0.025,0
2025-12-13,wk inc covid hosp,1,Toronto,2025-12-20,quantile,0.1,0
2025-12-13,wk inc covid hosp,1,Toronto,2025-12-20,quantile,0.25,0
2025-12-13,wk inc covid hosp,1,Toronto,2025-12-20,quantile,0.5,68
2025-12-13,wk inc covid hosp,1,Toronto,2025-12-20,quantile,0.75,304
2025-12-13,wk inc covid hosp,1,Toronto,2025-12-20,quantile,0.9,422
2025-12-13,wk inc covid hosp,1,Toronto,2025-12-20,quantile,0.975,471
2025-12-13,wk inc covid hosp,2,Toronto,2025-12-27,quantile,0.025,0
2025-12-13,wk inc covid hosp,2,Toronto,2025-12-27,quantile,0.1,0
2025-12-13,wk inc covid hosp,2,Toronto,2025-12-27,quantile,0.25,0
2025-12-13,wk inc covid hosp,2,Toronto,2025-12-27,quantile,0.5,122
2025-12-13,wk inc covid hosp,2,Toronto,2025-12-27,quantile,0.75,367
2025-12-13,wk inc covid hosp,2,Toronto,2025-12-27,quantile,0.9,490
2025-12-13,wk inc covid hosp,2,Toronto,2025-12-27,quantile,0.975,541
2025-12-13,wk inc covid hosp,3,Toronto,2026-01-03,quantile,0.025,0
2025-12-13,wk inc covid hosp,3,Toronto,2026-01-03,quantile,0.1,0
2025-12-13,wk inc covid hosp,3,Toronto,2026-01-03,quantile,0.25,0
2025-12-13,wk inc covid hosp,3,Toronto,2026-01-03,quantile,0.5,205
2025-12-13,wk inc covid hosp,3,Toronto,2026-01-03,quantile,0.75,447
2025-12-13,wk inc covid hosp,3,Toronto,2026-01-03,quantile,0.9,567
2025-12-13,wk inc covid hosp,3,Toronto,2026-01-03,quantile,0.975,618
2025-12-13,wk inc flu hosp,-1,Toronto,2025-12-06,quantile,0.025,0
2025-12-13,wk inc flu hosp,-1,Toronto,2025-12-06,quantile,0.1,0
2025-12-13,wk inc flu hosp,-1,Toronto,2025-12-06,quantile,0.25,18
2025-12-13,wk inc flu hosp,-1,Toronto,2025-12-06,quantile,0.5,56
2025-12-13,wk inc flu hosp,-1,Toronto,2025-12-06,quantile,0.75,95
2025-12-13,wk inc flu hosp,-1,Toronto,2025-12-06,quantile,0.9,114
2025-12-13,wk inc flu hosp,-1,Toronto,2025-12-06,quantile,0.975,122
2025-12-13,wk inc flu hosp,0,Toronto,2025-12-13,quantile,0.025,6
2025-12-13,wk inc flu hosp,0,Toronto,2025-12-13,quantile,0.1,14
2025-12-13,wk inc flu hosp,0,Toronto,2025-12-13,quantile,0.25,34
2025-12-13,wk inc flu hosp,0,Toronto,2025-12-13,quantile,0.5,74
2025-12-13,wk inc flu hosp,0,Toronto,2025-12-13,quantile,0.75,114
2025-12-13,wk inc flu hosp,0,Toronto,2025-12-13,quantile,0.9,135
2025-12-13,wk inc flu hosp,0,Toronto,2025-12-13,quantile,0.975,143
2025-12-13,wk inc flu hosp,1,Toronto,2025-12-20,quantile,0.025,10
2025-12-13,wk inc flu hosp,1,Toronto,2025-12-20,quantile,0.1,18
2025-12-13,wk inc flu hosp,1,Toronto,2025-12-20,quantile,0.25,39
2025-12-13,wk inc flu hosp,1,Toronto,2025-12-20,quantile,0.5,80
2025-12-13,wk inc flu hosp,1,Toronto,2025-12-20,quantile,0.75,122
2025-12-13,wk inc flu hosp,1,Toronto,2025-12-20,quantile,0.9,142
2025-12-13,wk inc flu hosp,1,Toronto,2025-12-20,quantile,0.975,151
2025-12-13,wk inc flu hosp,2,Toronto,2025-12-27,quantile,0.025,18
2025-12-13,wk inc flu hosp,2,Toronto,2025-12-27,quantile,0.1,26
2025-12-13,wk inc flu hosp,2,Toronto,2025-12-27,quantile,0.25,47
2025-12-13,wk inc flu hosp,2,Toronto,2025-12-27,quantile,0.5,88
2025-12-13,wk inc flu hosp,2,Toronto,2025-12-27,quantile,0.75,129
2025-12-13,wk inc flu hosp,2,Toronto,2025-12-27,quantile,0.9,150
2025-12-13,wk inc flu hosp,2,Toronto,2025-12-27,quantile,0.975,159
2025-12-13,wk inc flu hosp,3,Toronto,2026-01-03,quantile,0.025,24
2025-12-13,wk inc flu hosp,3,Toronto,2026-01-03,quantile,0.1,32
2025-12-13,wk inc flu hosp,3,Toronto,2026-01-03,quantile,0.25,53
2025-12-13,wk inc flu hosp,3,Toronto,2026-01-03,quantile,0.5,94
2025-12-13,wk inc flu hosp,3,Toronto,2026-01-03,quantile,0.75,136
2025-12-13,wk inc flu hosp,3,Toronto,2026-01-03,quantile,0.9,157
2025-12-13,wk inc flu hosp,3,Toronto,2026-01-03,quantile,0.975,165
2025-12-13,wk inc rsv hosp,-1,Toronto,2025-12-06,quantile,0.025,1
2025-12-13,wk inc rsv hosp,-1,Toronto,2025-12-06,quantile,0.1,3
2025-12-13,wk inc rsv hosp,-1,Toronto,2025-12-06,quantile,0.25,7
2025-12-13,wk inc rsv hosp,-1,Toronto,2025-12-06,quantile,0.5,15
2025-12-13,wk inc rsv hosp,-1,Toronto,2025-12-06,quantile,0.75,24
2025-12-13,wk inc rsv hosp,-1,Toronto,2025-12-06,quantile,0.9,28
2025-12-13,wk inc rsv hosp,-1,Toronto,2025-12-06,quantile,0.975,30
2025-12-13,wk inc rsv hosp,0,Toronto,2025-12-13,quantile,0.025,4
2025-12-13,wk inc rsv hosp,0,Toronto,2025-12-13,quantile,0.1,6
2025-12-13,wk inc rsv hosp,0,Toronto,2025-12-13,quantile,0.25,10
2025-12-13,wk inc rsv hosp,0,Toronto,2025-12-13,quantile,0.5,17
2025-12-13,wk inc rsv hosp,0,Toronto,2025-12-13,quantile,0.75,25
2025-12-13,wk inc rsv hosp,0,Toronto,2025-12-13,quantile,0.9,29
2025-12-13,wk inc rsv hosp,0,Toronto,2025-12-13,quantile,0.975,31
2025-12-13,wk inc rsv hosp,1,Toronto,2025-12-20,quantile,0.025,5
2025-12-13,wk inc rsv hosp,1,Toronto,2025-12-20,quantile,0.1,6
2025-12-13,wk inc rsv hosp,1,Toronto,2025-12-20,quantile,0.25,10
2025-12-13,wk inc rsv hosp,1,Toronto,2025-12-20,quantile,0.5,19
2025-12-13,wk inc rsv hosp,1,Toronto,2025-12-20,quantile,0.75,27
2025-12-13,wk inc rsv hosp,1,Toronto,2025-12-20,quantile,0.9,31
2025-12-13,wk inc rsv hosp,1,Toronto,2025-12-20,quantile,0.975,33
2025-12-13,wk inc rsv hosp,2,Toronto,2025-12-27,quantile,0.025,3
2025-12-13,wk inc rsv hosp,2,Toronto,2025-12-27,quantile,0.1,5
2025-12-13,wk inc rsv hosp,2,Toronto,2025-12-27,quantile,0.25,9
2025-12-13,wk inc rsv hosp,2,Toronto,2025-12-27,quantile,0.5,18
2025-12-13,wk inc rsv hosp,2,Toronto,2025-12-27,quantile,0.75,27
2025-12-13,wk inc rsv hosp,2,Toronto,2025-12-27,quantile,0.9,32
2025-12-13,wk inc rsv hosp,2,Toronto,2025-12-27,quantile,0.975,33
2025-12-13,wk inc rsv hosp,3,Toronto,2026-01-03,quantile,0.025,4
2025-12-13,wk inc rsv hosp,3,Toronto,2026-01-03,quantile,0.1,6
2025-12-13,wk inc rsv hosp,3,Toronto,2026-01-03,quantile,0.25,10
2025-12-13,wk inc rsv hosp,3,Toronto,2026-01-03,quantile,0.5,19
2025-12-13,wk inc rsv hosp,3,Toronto,2026-01-03,quantile,0.75,27
2025-12-13,wk inc rsv hosp,3,Toronto,2026-01-03,quantile,0.9,32
2025-12-13,wk inc rsv hosp,3,Toronto,2026-01-03,quantile,0.975,33
2025-12-13,wk inc covid hosp,-1,West,2025-12-06,quantile,0.025,0
2025-12-13,wk inc covid hosp,-1,West,2025-12-06,quantile,0.1,0
2025-12-13,wk inc covid hosp,-1,West,2025-12-06,quantile,0.25,0
2025-12-13,wk inc covid hosp,-1,West,2025-12-06,quantile,0.5,109
2025-12-13,wk inc covid hosp,-1,West,2025-12-06,quantile,0.75,349
2025-12-13,wk inc covid hosp,-1,West,2025-12-06,quantile,0.9,469
2025-12-13,wk inc covid hosp,-1,West,2025-12-06,quantile,0.975,520
2025-12-13,wk inc covid hosp,0,West,2025-12-13,quantile,0.025,0
2025-12-13,wk inc covid hosp,0,West,2025-12-13,quantile,0.1,0
2025-12-13,wk inc covid hosp,0,West,2025-12-13,quantile,0.25,0
2025-12-13,wk inc covid hosp,0,West,2025-12-13,quantile,0.5,90
2025-12-13,wk inc covid hosp,0,West,2025-12-13,quantile,0.75,327
2025-12-13,wk inc covid hosp,0,West,2025-12-13,quantile,0.9,446
2025-12-13,wk inc covid hosp,0,West,2025-12-13,quantile,0.975,496
2025-12-13,wk inc covid hosp,1,West,2025-12-20,quantile,0.025,0
2025-12-13,wk inc covid hosp,1,West,2025-12-20,quantile,0.1,0
2025-12-13,wk inc covid hosp,1,West,2025-12-20,quantile,0.25,0
2025-12-13,wk inc covid hosp,1,West,2025-12-20,quantile,0.5,132
2025-12-13,wk inc covid hosp,1,West,2025-12-20,quantile,0.75,391
2025-12-13,wk inc covid hosp,1,West,2025-12-20,quantile,0.9,519
2025-12-13,wk inc covid hosp,1,West,2025-12-20,quantile,0.975,574
2025-12-13,wk inc covid hosp,2,West,2025-12-27,quantile,0.025,0
2025-12-13,wk inc covid hosp,2,West,2025-12-27,quantile,0.1,0
2025-12-13,wk inc covid hosp,2,West,2025-12-27,quantile,0.25,0
2025-12-13,wk inc covid hosp,2,West,2025-12-27,quantile,0.5,169
2025-12-13,wk inc covid hosp,2,West,2025-12-27,quantile,0.75,415
2025-12-13,wk inc covid hosp,2,West,2025-12-27,quantile,0.9,537
2025-12-13,wk inc covid hosp,2,West,2025-12-27,quantile,0.975,588
2025-12-13,wk inc covid hosp,3,West,2026-01-03,quantile,0.025,0
2025-12-13,wk inc covid hosp,3,West,2026-01-03,quantile,0.1,0
2025-12-13,wk inc covid hosp,3,West,2026-01-03,quantile,0.25,6
2025-12-13,wk inc covid hosp,3,West,2026-01-03,quantile,0.5,249
2025-12-13,wk inc covid hosp,3,West,2026-01-03,quantile,0.75,491
2025-12-13,wk inc covid hosp,3,West,2026-01-03,quantile,0.9,612
2025-12-13,wk inc covid hosp,3,West,2026-01-03,quantile,0.975,663
2025-12-13,wk inc flu hosp,-1,West,2025-12-06,quantile,0.025,0
2025-12-13,wk inc flu hosp,-1,West,2025-12-06,quantile,0.1,10
2025-12-13,wk inc flu hosp,-1,West,2025-12-06,quantile,0.25,54
2025-12-13,wk inc flu hosp,-1,West,2025-12-06,quantile,0.5,143
2025-12-13,wk inc flu hosp,-1,West,2025-12-06,quantile,0.75,231
2025-12-13,wk inc flu hosp,-1,West,2025-12-06,quantile,0.9,275
2025-12-13,wk inc flu hosp,-1,West,2025-12-06,quantile,0.975,294
2025-12-13,wk inc flu hosp,0,West,2025-12-13,quantile,0.025,1
2025-12-13,wk inc flu hosp,0,West,2025-12-13,quantile,0.1,20
2025-12-13,wk inc flu hosp,0,West,2025-12-13,quantile,0.25,64
2025-12-13,wk inc flu hosp,0,West,2025-12-13,quantile,0.5,154
2025-12-13,wk inc flu hosp,0,West,2025-12-13,quantile,0.75,244
2025-12-13,wk inc flu hosp,0,West,2025-12-13,quantile,0.9,289
2025-12-13,wk inc flu hosp,0,West,2025-12-13,quantile,0.975,307
2025-12-13,wk inc flu hosp,1,West,2025-12-20,quantile,0.025,0
2025-12-13,wk inc flu hosp,1,West,2025-12-20,quantile,0.1,17
2025-12-13,wk inc flu hosp,1,West,2025-12-20,quantile,0.25,62
2025-12-13,wk inc flu hosp,1,West,2025-12-20,quantile,0.5,153
2025-12-13,wk inc flu hosp,1,West,2025-12-20,quantile,0.75,243
2025-12-13,wk inc flu hosp,1,West,2025-12-20,quantile,0.9,288
2025-12-13,wk inc flu hosp,1,West,2025-12-20,quantile,0.975,307
2025-12-13,wk inc flu hosp,2,West,2025-12-27,quantile,0.025,0
2025-12-13,wk inc flu hosp,2,West,2025-12-27,quantile,0.1,10
2025-12-13,wk inc flu hosp,2,West,2025-12-27,quantile,0.25,57
2025-12-13,wk inc flu hosp,2,West,2025-12-27,quantile,0.5,152
2025-12-13,wk inc flu hosp,2,West,2025-12-27,quantile,0.75,246
2025-12-13,wk inc flu hosp,2,West,2025-12-27,quantile,0.9,293
2025-12-13,wk inc flu hosp,2,West,2025-12-27,quantile,0.975,313
2025-12-13,wk inc flu hosp,3,West,2026-01-03,quantile,0.025,28
2025-12-13,wk inc flu hosp,3,West,2026-01-03,quantile,0.1,47
2025-12-13,wk inc flu hosp,3,West,2026-01-03,quantile,0.25,91
2025-12-13,wk inc flu hosp,3,West,2026-01-03,quantile,0.5,181
2025-12-13,wk inc flu hosp,3,West,2026-01-03,quantile,0.75,271
2025-12-13,wk inc flu hosp,3,West,2026-01-03,quantile,0.9,316
2025-12-13,wk inc flu hosp,3,West,2026-01-03,quantile,0.975,335
2025-12-13,wk inc rsv hosp,-1,West,2025-12-06,quantile,0.025,0
2025-12-13,wk inc rsv hosp,-1,West,2025-12-06,quantile,0.1,1
2025-12-13,wk inc rsv hosp,-1,West,2025-12-06,quantile,0.25,4
2025-12-13,wk inc rsv hosp,-1,West,2025-12-06,quantile,0.5,8
2025-12-13,wk inc rsv hosp,-1,West,2025-12-06,quantile,0.75,13
2025-12-13,wk inc rsv hosp,-1,West,2025-12-06,quantile,0.9,16
2025-12-13,wk inc rsv hosp,-1,West,2025-12-06,quantile,0.975,17
2025-12-13,wk inc rsv hosp,0,West,2025-12-13,quantile,0.025,3
2025-12-13,wk inc rsv hosp,0,West,2025-12-13,quantile,0.1,4
2025-12-13,wk inc rsv hosp,0,West,2025-12-13,quantile,0.25,6
2025-12-13,wk inc rsv hosp,0,West,2025-12-13,quantile,0.5,11
2025-12-13,wk inc rsv hosp,0,West,2025-12-13,quantile,0.75,16
2025-12-13,wk inc rsv hosp,0,West,2025-12-13,quantile,0.9,18
2025-12-13,wk inc rsv hosp,0,West,2025-12-13,quantile,0.975,19
2025-12-13,wk inc rsv hosp,1,West,2025-12-20,quantile,0.025,3
2025-12-13,wk inc rsv hosp,1,West,2025-12-20,quantile,0.1,4
2025-12-13,wk inc rsv hosp,1,West,2025-12-20,quantile,0.25,6
2025-12-13,wk inc rsv hosp,1,West,2025-12-20,quantile,0.5,11
2025-12-13,wk inc rsv hosp,1,West,2025-12-20,quantile,0.75,16
2025-12-13,wk inc rsv hosp,1,West,2025-12-20,quantile,0.9,19
2025-12-13,wk inc rsv hosp,1,West,2025-12-20,quantile,0.975,20
2025-12-13,wk inc rsv hosp,2,West,2025-12-27,quantile,0.025,3
2025-12-13,wk inc rsv hosp,2,West,2025-12-27,quantile,0.1,4
2025-12-13,wk inc rsv hosp,2,West,2025-12-27,quantile,0.25,6
2025-12-13,wk inc rsv hosp,2,West,2025-12-27,quantile,0.5,11
2025-12-13,wk inc rsv hosp,2,West,2025-12-27,quantile,0.75,17
2025-12-13,wk inc rsv hosp,2,West,2025-12-27,quantile,0.9,19
2025-12-13,wk inc rsv hosp,2,West,2025-12-27,quantile,0.975,20
2025-12-13,wk inc rsv hosp,3,West,2026-01-03,quantile,0.025,3
2025-12-13,wk inc rsv hosp,3,West,2026-01-03,quantile,0.1,4
2025-12-13,wk inc rsv hosp,3,West,2026-01-03,quantile,0.25,6
2025-12-13,wk inc rsv hosp,3,West,2026-01-03,quantile,0.5,11
2025-12-13,wk inc rsv hosp,3,West,2026-01-03,quantile,0.75,16
2025-12-13,wk inc rsv hosp,3,West,2026-01-03,quantile,0.9,19
2025-12-13,wk inc rsv hosp,3,West,2026-01-03,quantile,0.975,20
