reference_date,target,horizon,target_end_date,location,output_type,output_type_id,value
2025-03-22,wk inc covid hosp,-1,2025-03-15,East,quantile,0.025,0
2025-03-22,wk inc covid hosp,-1,2025-03-15,East,quantile,0.1,0
2025-03-22,wk inc covid hosp,-1,2025-03-15,East,quantile,0.25,12
2025-03-22,wk inc covid hosp,-1,2025-03-15,East,quantile,0.5,28
2025-03-22,wk inc covid hosp,-1,2025-03-15,East,quantile,0.75,44
2025-03-22,wk inc covid hosp,-1,2025-03-15,East,quantile,0.9,59
2025-03-22,wk inc covid hosp,-1,2025-03-15,East,quantile,0.975,75
2025-03-22,wk inc covid hosp,0,2025-03-22,East,quantile,0.025,0
2025-03-22,wk inc covid hosp,0,2025-03-22,East,quantile,0.1,2
2025-03-22,wk inc covid hosp,0,2025-03-22,East,quantile,0.25,17
2025-03-22,wk inc covid hosp,0,2025-03-22,East,quantile,0.5,31
2025-03-22,wk inc covid hosp,0,2025-03-22,East,quantile,0.75,45
2025-03-22,wk inc covid hosp,0,2025-03-22,East,quantile,0.9,60
2025-03-22,wk inc covid hosp,0,2025-03-22,East,quantile,0.975,83
2025-03-22,wk inc covid hosp,1,2025-03-29,East,quantile,0.025,0
2025-03-22,wk inc covid hosp,1,2025-03-29,East,quantile,0.1,0
2025-03-22,wk inc covid hosp,1,2025-03-29,East,quantile,0.25,10
2025-03-22,wk inc covid hosp,1,2025-03-29,East,quantile,0.5,22
2025-03-22,wk inc covid hosp,1,2025-03-29,East,quantile,0.75,34
2025-03-22,wk inc covid hosp,1,2025-03-29,East,quantile,0.9,47
2025-03-22,wk inc covid hosp,1,2025-03-29,East,quantile,0.975,67
2025-03-22,wk inc covid hosp,2,2025-04-05,East,quantile,0.025,0
2025-03-22,wk inc covid hosp,2,2025-04-05,East,quantile,0.1,0
2025-03-22,wk inc covid hosp,2,2025-04-05,East,quantile,0.25,6
2025-03-22,wk inc covid hosp,2,2025-04-05,East,quantile,0.5,16
2025-03-22,wk inc covid hosp,2,2025-04-05,East,quantile,0.75,28
2025-03-22,wk inc covid hosp,2,2025-04-05,East,quantile,0.9,40
2025-03-22,wk inc covid hosp,2,2025-04-05,East,quantile,0.975,64
2025-03-22,wk inc covid hosp,3,2025-04-12,East,quantile,0.025,0
2025-03-22,wk inc covid hosp,3,2025-04-12,East,quantile,0.1,0
2025-03-22,wk inc covid hosp,3,2025-04-12,East,quantile,0.25,2
2025-03-22,wk inc covid hosp,3,2025-04-12,East,quantile,0.5,12
2025-03-22,wk inc covid hosp,3,2025-04-12,East,quantile,0.75,21
2025-03-22,wk inc covid hosp,3,2025-04-12,East,quantile,0.9,32
2025-03-22,wk inc covid hosp,3,2025-04-12,East,quantile,0.975,53
2025-03-22,wk inc covid hosp,-1,2025-03-15,North East,quantile,0.025,0
2025-03-22,wk inc covid hosp,-1,2025-03-15,North East,quantile,0.1,0
2025-03-22,wk inc covid hosp,-1,2025-03-15,North East,quantile,0.25,0
2025-03-22,wk inc covid hosp,-1,2025-03-15,North East,quantile,0.5,4
2025-03-22,wk inc covid hosp,-1,2025-03-15,North East,quantile,0.75,10
2025-03-22,wk inc covid hosp,-1,2025-03-15,North East,quantile,0.9,16
2025-03-22,wk inc covid hosp,-1,2025-03-15,North East,quantile,0.975,22
2025-03-22,wk inc covid hosp,0,2025-03-22,North East,quantile,0.025,0
2025-03-22,wk inc covid hosp,0,2025-03-22,North East,quantile,0.1,0
2025-03-22,wk inc covid hosp,0,2025-03-22,North East,quantile,0.25,3
2025-03-22,wk inc covid hosp,0,2025-03-22,North East,quantile,0.5,8
2025-03-22,wk inc covid hosp,0,2025-03-22,North East,quantile,0.75,13
2025-03-22,wk inc covid hosp,0,2025-03-22,North East,quantile,0.9,19
2025-03-22,wk inc covid hosp,0,2025-03-22,North East,quantile,0.975,27
2025-03-22,wk inc covid hosp,1,2025-03-29,North East,quantile,0.025,0
2025-03-22,wk inc covid hosp,1,2025-03-29,North East,quantile,0.1,0
2025-03-22,wk inc covid hosp,1,2025-03-29,North East,quantile,0.25,0
2025-03-22,wk inc covid hosp,1,2025-03-29,North East,quantile,0.5,6
2025-03-22,wk inc covid hosp,1,2025-03-29,North East,quantile,0.75,11
2025-03-22,wk inc covid hosp,1,2025-03-29,North East,quantile,0.9,16
2025-03-22,wk inc covid hosp,1,2025-03-29,North East,quantile,0.975,24
2025-03-22,wk inc covid hosp,2,2025-04-05,North East,quantile,0.025,0
2025-03-22,wk inc covid hosp,2,2025-04-05,North East,quantile,0.1,0
2025-03-22,wk inc covid hosp,2,2025-04-05,North East,quantile,0.25,0
2025-03-22,wk inc covid hosp,2,2025-04-05,North East,quantile,0.5,3
2025-03-22,wk inc covid hosp,2,2025-04-05,North East,quantile,0.75,7
2025-03-22,wk inc covid hosp,2,2025-04-05,North East,quantile,0.9,11
2025-03-22,wk inc covid hosp,2,2025-04-05,North East,quantile,0.975,18
2025-03-22,wk inc covid hosp,3,2025-04-12,North East,quantile,0.025,0
2025-03-22,wk inc covid hosp,3,2025-04-12,North East,quantile,0.1,0
2025-03-22,wk inc covid hosp,3,2025-04-12,North East,quantile,0.25,0
2025-03-22,wk inc covid hosp,3,2025-04-12,North East,quantile,0.5,3
2025-03-22,wk inc covid hosp,3,2025-04-12,North East,quantile,0.75,6
2025-03-22,wk inc covid hosp,3,2025-04-12,North East,quantile,0.9,11
2025-03-22,wk inc covid hosp,3,2025-04-12,North East,quantile,0.975,21
2025-03-22,wk inc covid hosp,-1,2025-03-15,North West,quantile,0.025,0
2025-03-22,wk inc covid hosp,-1,2025-03-15,North West,quantile,0.1,0
2025-03-22,wk inc covid hosp,-1,2025-03-15,North West,quantile,0.25,0
2025-03-22,wk inc covid hosp,-1,2025-03-15,North West,quantile,0.5,3
2025-03-22,wk inc covid hosp,-1,2025-03-15,North West,quantile,0.75,7
2025-03-22,wk inc covid hosp,-1,2025-03-15,North West,quantile,0.9,10
2025-03-22,wk inc covid hosp,-1,2025-03-15,North West,quantile,0.975,14
2025-03-22,wk inc covid hosp,0,2025-03-22,North West,quantile,0.025,0
2025-03-22,wk inc covid hosp,0,2025-03-22,North West,quantile,0.1,0
2025-03-22,wk inc covid hosp,0,2025-03-22,North West,quantile,0.25,0
2025-03-22,wk inc covid hosp,0,2025-03-22,North West,quantile,0.5,3
2025-03-22,wk inc covid hosp,0,2025-03-22,North West,quantile,0.75,5
2025-03-22,wk inc covid hosp,0,2025-03-22,North West,quantile,0.9,8
2025-03-22,wk inc covid hosp,0,2025-03-22,North West,quantile,0.975,13
2025-03-22,wk inc covid hosp,1,2025-03-29,North West,quantile,0.025,0
2025-03-22,wk inc covid hosp,1,2025-03-29,North West,quantile,0.1,0
2025-03-22,wk inc covid hosp,1,2025-03-29,North West,quantile,0.25,0
2025-03-22,wk inc covid hosp,1,2025-03-29,North West,quantile,0.5,2
2025-03-22,wk inc covid hosp,1,2025-03-29,North West,quantile,0.75,4
2025-03-22,wk inc covid hosp,1,2025-03-29,North West,quantile,0.9,7
2025-03-22,wk inc covid hosp,1,2025-03-29,North West,quantile,0.975,11
2025-03-22,wk inc covid hosp,2,2025-04-05,North West,quantile,0.025,0
2025-03-22,wk inc covid hosp,2,2025-04-05,North West,quantile,0.1,0
2025-03-22,wk inc covid hosp,2,2025-04-05,North West,quantile,0.25,0
2025-03-22,wk inc covid hosp,2,2025-04-05,North West,quantile,0.5,1
2025-03-22,wk inc covid hosp,2,2025-04-05,North West,quantile,0.75,3
2025-03-22,wk inc covid hosp,2,2025-04-05,North West,quantile,0.9,6
2025-03-22,wk inc covid hosp,2,2025-04-05,North West,quantile,0.975,11
2025-03-22,wk inc covid hosp,3,2025-04-12,North West,quantile,0.025,0
2025-03-22,wk inc covid hosp,3,2025-04-12,North West,quantile,0.1,0
2025-03-22,wk inc covid hosp,3,2025-04-12,North West,quantile,0.25,0
2025-03-22,wk inc covid hosp,3,2025-04-12,North West,quantile,0.5,1
2025-03-22,wk inc covid hosp,3,2025-04-12,North West,quantile,0.75,3
2025-03-22,wk inc covid hosp,3,2025-04-12,North West,quantile,0.9,5
2025-03-22,wk inc covid hosp,3,2025-04-12,North West,quantile,0.975,11
2025-03-22,wk inc covid hosp,-1,2025-03-15,Ontario,quantile,0.025,32
2025-03-22,wk inc covid hosp,-1,2025-03-15,Ontario,quantile,0.1,88
2025-03-22,wk inc covid hosp,-1,2025-03-15,Ontario,quantile,0.25,139
2025-03-22,wk inc covid hosp,-1,2025-03-15,Ontario,quantile,0.5,197
2025-03-22,wk inc covid hosp,-1,2025-03-15,Ontario,quantile,0.75,253
2025-03-22,wk inc covid hosp,-1,2025-03-15,Ontario,quantile,0.9,306
2025-03-22,wk inc covid hosp,-1,2025-03-15,Ontario,quantile,0.975,359
2025-03-22,wk inc covid hosp,0,2025-03-22,Ontario,quantile,0.025,0
2025-03-22,wk inc covid hosp,0,2025-03-22,Ontario,quantile,0.1,62
2025-03-22,wk inc covid hosp,0,2025-03-22,Ontario,quantile,0.25,128
2025-03-22,wk inc covid hosp,0,2025-03-22,Ontario,quantile,0.5,187
2025-03-22,wk inc covid hosp,0,2025-03-22,Ontario,quantile,0.75,245
2025-03-22,wk inc covid hosp,0,2025-03-22,Ontario,quantile,0.9,312
2025-03-22,wk inc covid hosp,0,2025-03-22,Ontario,quantile,0.975,419
2025-03-22,wk inc covid hosp,1,2025-03-29,Ontario,quantile,0.025,0
2025-03-22,wk inc covid hosp,1,2025-03-29,Ontario,quantile,0.1,0
2025-03-22,wk inc covid hosp,1,2025-03-29,Ontario,quantile,0.25,75
2025-03-22,wk inc covid hosp,1,2025-03-29,Ontario,quantile,0.5,138
2025-03-22,wk inc covid hosp,1,2025-03-29,Ontario,quantile,0.75,198
2025-03-22,wk inc covid hosp,1,2025-03-29,Ontario,quantile,0.9,265
2025-03-22,wk inc covid hosp,1,2025-03-29,Ontario,quantile,0.975,363
2025-03-22,wk inc covid hosp,2,2025-04-05,Ontario,quantile,0.025,0
2025-03-22,wk inc covid hosp,2,2025-04-05,Ontario,quantile,0.1,0
2025-03-22,wk inc covid hosp,2,2025-04-05,Ontario,quantile,0.25,59
2025-03-22,wk inc covid hosp,2,2025-04-05,Ontario,quantile,0.5,112
2025-03-22,wk inc covid hosp,2,2025-04-05,Ontario,quantile,0.75,167
2025-03-22,wk inc covid hosp,2,2025-04-05,Ontario,quantile,0.9,231
2025-03-22,wk inc covid hosp,2,2025-04-05,Ontario,quantile,0.975,379
2025-03-22,wk inc covid hosp,3,2025-04-12,Ontario,quantile,0.025,0
2025-03-22,wk inc covid hosp,3,2025-04-12,Ontario,quantile,0.1,0
2025-03-22,wk inc covid hosp,3,2025-04-12,Ontario,quantile,0.25,32
2025-03-22,wk inc covid hosp,3,2025-04-12,Ontario,quantile,0.5,86
2025-03-22,wk inc covid hosp,3,2025-04-12,Ontario,quantile,0.75,138
2025-03-22,wk inc covid hosp,3,2025-04-12,Ontario,quantile,0.9,200
2025-03-22,wk inc covid hosp,3,2025-04-12,Ontario,quantile,0.975,314
2025-03-22,wk inc covid hosp,-1,2025-03-15,Toronto,quantile,0.025,9
2025-03-22,wk inc covid hosp,-1,2025-03-15,Toronto,quantile,0.1,24
2025-03-22,wk inc covid hosp,-1,2025-03-15,Toronto,quantile,0.25,36
2025-03-22,wk inc covid hosp,-1,2025-03-15,Toronto,quantile,0.5,51
2025-03-22,wk inc covid hosp,-1,2025-03-15,Toronto,quantile,0.75,64
2025-03-22,wk inc covid hosp,-1,2025-03-15,Toronto,quantile,0.9,77
2025-03-22,wk inc covid hosp,-1,2025-03-15,Toronto,quantile,0.975,92
2025-03-22,wk inc covid hosp,0,2025-03-22,Toronto,quantile,0.025,5
2025-03-22,wk inc covid hosp,0,2025-03-22,Toronto,quantile,0.1,24
2025-03-22,wk inc covid hosp,0,2025-03-22,Toronto,quantile,0.25,36
2025-03-22,wk inc covid hosp,0,2025-03-22,Toronto,quantile,0.5,49
2025-03-22,wk inc covid hosp,0,2025-03-22,Toronto,quantile,0.75,62
2025-03-22,wk inc covid hosp,0,2025-03-22,Toronto,quantile,0.9,76
2025-03-22,wk inc covid hosp,0,2025-03-22,Toronto,quantile,0.975,95
2025-03-22,wk inc covid hosp,1,2025-03-29,Toronto,quantile,0.025,0
2025-03-22,wk inc covid hosp,1,2025-03-29,Toronto,quantile,0.1,11
2025-03-22,wk inc covid hosp,1,2025-03-29,Toronto,quantile,0.25,25
2025-03-22,wk inc covid hosp,1,2025-03-29,Toronto,quantile,0.5,37
2025-03-22,wk inc covid hosp,1,2025-03-29,Toronto,quantile,0.75,49
2025-03-22,wk inc covid hosp,1,2025-03-29,Toronto,quantile,0.9,61
2025-03-22,wk inc covid hosp,1,2025-03-29,Toronto,quantile,0.975,80
2025-03-22,wk inc covid hosp,2,2025-04-05,Toronto,quantile,0.025,0
2025-03-22,wk inc covid hosp,2,2025-04-05,Toronto,quantile,0.1,3
2025-03-22,wk inc covid hosp,2,2025-04-05,Toronto,quantile,0.25,18
2025-03-22,wk inc covid hosp,2,2025-04-05,Toronto,quantile,0.5,31
2025-03-22,wk inc covid hosp,2,2025-04-05,Toronto,quantile,0.75,43
2025-03-22,wk inc covid hosp,2,2025-04-05,Toronto,quantile,0.9,56
2025-03-22,wk inc covid hosp,2,2025-04-05,Toronto,quantile,0.975,78
2025-03-22,wk inc covid hosp,3,2025-04-12,Toronto,quantile,0.025,0
2025-03-22,wk inc covid hosp,3,2025-04-12,Toronto,quantile,0.1,0
2025-03-22,wk inc covid hosp,3,2025-04-12,Toronto,quantile,0.25,11
2025-03-22,wk inc covid hosp,3,2025-04-12,Toronto,quantile,0.5,21
2025-03-22,wk inc covid hosp,3,2025-04-12,Toronto,quantile,0.75,32
2025-03-22,wk inc covid hosp,3,2025-04-12,Toronto,quantile,0.9,42
2025-03-22,wk inc covid hosp,3,2025-04-12,Toronto,quantile,0.975,61
2025-03-22,wk inc covid hosp,-1,2025-03-15,West,quantile,0.025,9
2025-03-22,wk inc covid hosp,-1,2025-03-15,West,quantile,0.1,29
2025-03-22,wk inc covid hosp,-1,2025-03-15,West,quantile,0.25,46
2025-03-22,wk inc covid hosp,-1,2025-03-15,West,quantile,0.5,64
2025-03-22,wk inc covid hosp,-1,2025-03-15,West,quantile,0.75,82
2025-03-22,wk inc covid hosp,-1,2025-03-15,West,quantile,0.9,97
2025-03-22,wk inc covid hosp,-1,2025-03-15,West,quantile,0.975,115
2025-03-22,wk inc covid hosp,0,2025-03-22,West,quantile,0.025,0
2025-03-22,wk inc covid hosp,0,2025-03-22,West,quantile,0.1,23
2025-03-22,wk inc covid hosp,0,2025-03-22,West,quantile,0.25,40
2025-03-22,wk inc covid hosp,0,2025-03-22,West,quantile,0.5,55
2025-03-22,wk inc covid hosp,0,2025-03-22,West,quantile,0.75,71
2025-03-22,wk inc covid hosp,0,2025-03-22,West,quantile,0.9,88
2025-03-22,wk inc covid hosp,0,2025-03-22,West,quantile,0.975,114
2025-03-22,wk inc covid hosp,1,2025-03-29,West,quantile,0.025,0
2025-03-22,wk inc covid hosp,1,2025-03-29,West,quantile,0.1,12
2025-03-22,wk inc covid hosp,1,2025-03-29,West,quantile,0.25,29
2025-03-22,wk inc covid hosp,1,2025-03-29,West,quantile,0.5,44
2025-03-22,wk inc covid hosp,1,2025-03-29,West,quantile,0.75,58
2025-03-22,wk inc covid hosp,1,2025-03-29,West,quantile,0.9,73
2025-03-22,wk inc covid hosp,1,2025-03-29,West,quantile,0.975,97
2025-03-22,wk inc covid hosp,2,2025-04-05,West,quantile,0.025,0
2025-03-22,wk inc covid hosp,2,2025-04-05,West,quantile,0.1,2
2025-03-22,wk inc covid hosp,2,2025-04-05,West,quantile,0.25,20
2025-03-22,wk inc covid hosp,2,2025-04-05,West,quantile,0.5,34
2025-03-22,wk inc covid hosp,2,2025-04-05,West,quantile,0.75,47
2025-03-22,wk inc covid hosp,2,2025-04-05,West,quantile,0.9,61
2025-03-22,wk inc covid hosp,2,2025-04-05,West,quantile,0.975,85
2025-03-22,wk inc covid hosp,3,2025-04-12,West,quantile,0.025,0
2025-03-22,wk inc covid hosp,3,2025-04-12,West,quantile,0.1,0
2025-03-22,wk inc covid hosp,3,2025-04-12,West,quantile,0.25,13
2025-03-22,wk inc covid hosp,3,2025-04-12,West,quantile,0.5,26
2025-03-22,wk inc covid hosp,3,2025-04-12,West,quantile,0.75,39
2025-03-22,wk inc covid hosp,3,2025-04-12,West,quantile,0.9,53
2025-03-22,wk inc covid hosp,3,2025-04-12,West,quantile,0.975,76
2025-03-22,wk inc covid hosp,-1,2025-03-15,Central,quantile,0.025,0
2025-03-22,wk inc covid hosp,-1,2025-03-15,Central,quantile,0.1,14
2025-03-22,wk inc covid hosp,-1,2025-03-15,Central,quantile,0.25,28
2025-03-22,wk inc covid hosp,-1,2025-03-15,Central,quantile,0.5,46
2025-03-22,wk inc covid hosp,-1,2025-03-15,Central,quantile,0.75,63
2025-03-22,wk inc covid hosp,-1,2025-03-15,Central,quantile,0.9,78
2025-03-22,wk inc covid hosp,-1,2025-03-15,Central,quantile,0.975,96
2025-03-22,wk inc covid hosp,0,2025-03-22,Central,quantile,0.025,0
2025-03-22,wk inc covid hosp,0,2025-03-22,Central,quantile,0.1,12
2025-03-22,wk inc covid hosp,0,2025-03-22,Central,quantile,0.25,26
2025-03-22,wk inc covid hosp,0,2025-03-22,Central,quantile,0.5,39
2025-03-22,wk inc covid hosp,0,2025-03-22,Central,quantile,0.75,52
2025-03-22,wk inc covid hosp,0,2025-03-22,Central,quantile,0.9,66
2025-03-22,wk inc covid hosp,0,2025-03-22,Central,quantile,0.975,86
2025-03-22,wk inc covid hosp,1,2025-03-29,Central,quantile,0.025,0
2025-03-22,wk inc covid hosp,1,2025-03-29,Central,quantile,0.1,5
2025-03-22,wk inc covid hosp,1,2025-03-29,Central,quantile,0.25,19
2025-03-22,wk inc covid hosp,1,2025-03-29,Central,quantile,0.5,32
2025-03-22,wk inc covid hosp,1,2025-03-29,Central,quantile,0.75,44
2025-03-22,wk inc covid hosp,1,2025-03-29,Central,quantile,0.9,58
2025-03-22,wk inc covid hosp,1,2025-03-29,Central,quantile,0.975,78
2025-03-22,wk inc covid hosp,2,2025-04-05,Central,quantile,0.025,0
2025-03-22,wk inc covid hosp,2,2025-04-05,Central,quantile,0.1,0
2025-03-22,wk inc covid hosp,2,2025-04-05,Central,quantile,0.25,13
2025-03-22,wk inc covid hosp,2,2025-04-05,Central,quantile,0.5,24
2025-03-22,wk inc covid hosp,2,2025-04-05,Central,quantile,0.75,36
2025-03-22,wk inc covid hosp,2,2025-04-05,Central,quantile,0.9,48
2025-03-22,wk inc covid hosp,2,2025-04-05,Central,quantile,0.975,70
2025-03-22,wk inc covid hosp,3,2025-04-12,Central,quantile,0.025,0
2025-03-22,wk inc covid hosp,3,2025-04-12,Central,quantile,0.1,0
2025-03-22,wk inc covid hosp,3,2025-04-12,Central,quantile,0.25,8
2025-03-22,wk inc covid hosp,3,2025-04-12,Central,quantile,0.5,19
2025-03-22,wk inc covid hosp,3,2025-04-12,Central,quantile,0.75,30
2025-03-22,wk inc covid hosp,3,2025-04-12,Central,quantile,0.9,42
2025-03-22,wk inc covid hosp,3,2025-04-12,Central,quantile,0.975,65
2025-03-22,wk inc flu hosp,-1,2025-03-15,East,quantile,0.025,95
2025-03-22,wk inc flu hosp,-1,2025-03-15,East,quantile,0.1,105
2025-03-22,wk inc flu hosp,-1,2025-03-15,East,quantile,0.25,114
2025-03-22,wk inc flu hosp,-1,2025-03-15,East,quantile,0.5,124
2025-03-22,wk inc flu hosp,-1,2025-03-15,East,quantile,0.75,134
2025-03-22,wk inc flu hosp,-1,2025-03-15,East,quantile,0.9,143
2025-03-22,wk inc flu hosp,-1,2025-03-15,East,quantile,0.975,152
2025-03-22,wk inc flu hosp,0,2025-03-22,East,quantile,0.025,78
2025-03-22,wk inc flu hosp,0,2025-03-22,East,quantile,0.1,90
2025-03-22,wk inc flu hosp,0,2025-03-22,East,quantile,0.25,98
2025-03-22,wk inc flu hosp,0,2025-03-22,East,quantile,0.5,108
2025-03-22,wk inc flu hosp,0,2025-03-22,East,quantile,0.75,116
2025-03-22,wk inc flu hosp,0,2025-03-22,East,quantile,0.9,126
2025-03-22,wk inc flu hosp,0,2025-03-22,East,quantile,0.975,138
2025-03-22,wk inc flu hosp,1,2025-03-29,East,quantile,0.025,68
2025-03-22,wk inc flu hosp,1,2025-03-29,East,quantile,0.1,79
2025-03-22,wk inc flu hosp,1,2025-03-29,East,quantile,0.25,89
2025-03-22,wk inc flu hosp,1,2025-03-29,East,quantile,0.5,98
2025-03-22,wk inc flu hosp,1,2025-03-29,East,quantile,0.75,108
2025-03-22,wk inc flu hosp,1,2025-03-29,East,quantile,0.9,117
2025-03-22,wk inc flu hosp,1,2025-03-29,East,quantile,0.975,129
2025-03-22,wk inc flu hosp,2,2025-04-05,East,quantile,0.025,57
2025-03-22,wk inc flu hosp,2,2025-04-05,East,quantile,0.1,70
2025-03-22,wk inc flu hosp,2,2025-04-05,East,quantile,0.25,79
2025-03-22,wk inc flu hosp,2,2025-04-05,East,quantile,0.5,88
2025-03-22,wk inc flu hosp,2,2025-04-05,East,quantile,0.75,98
2025-03-22,wk inc flu hosp,2,2025-04-05,East,quantile,0.9,106
2025-03-22,wk inc flu hosp,2,2025-04-05,East,quantile,0.975,118
2025-03-22,wk inc flu hosp,3,2025-04-12,East,quantile,0.025,45
2025-03-22,wk inc flu hosp,3,2025-04-12,East,quantile,0.1,60
2025-03-22,wk inc flu hosp,3,2025-04-12,East,quantile,0.25,71
2025-03-22,wk inc flu hosp,3,2025-04-12,East,quantile,0.5,81
2025-03-22,wk inc flu hosp,3,2025-04-12,East,quantile,0.75,92
2025-03-22,wk inc flu hosp,3,2025-04-12,East,quantile,0.9,102
2025-03-22,wk inc flu hosp,3,2025-04-12,East,quantile,0.975,117
2025-03-22,wk inc flu hosp,-1,2025-03-15,North East,quantile,0.025,10
2025-03-22,wk inc flu hosp,-1,2025-03-15,North East,quantile,0.1,16
2025-03-22,wk inc flu hosp,-1,2025-03-15,North East,quantile,0.25,22
2025-03-22,wk inc flu hosp,-1,2025-03-15,North East,quantile,0.5,29
2025-03-22,wk inc flu hosp,-1,2025-03-15,North East,quantile,0.75,35
2025-03-22,wk inc flu hosp,-1,2025-03-15,North East,quantile,0.9,41
2025-03-22,wk inc flu hosp,-1,2025-03-15,North East,quantile,0.975,48
2025-03-22,wk inc flu hosp,0,2025-03-22,North East,quantile,0.025,9
2025-03-22,wk inc flu hosp,0,2025-03-22,North East,quantile,0.1,16
2025-03-22,wk inc flu hosp,0,2025-03-22,North East,quantile,0.25,21
2025-03-22,wk inc flu hosp,0,2025-03-22,North East,quantile,0.5,26
2025-03-22,wk inc flu hosp,0,2025-03-22,North East,quantile,0.75,31
2025-03-22,wk inc flu hosp,0,2025-03-22,North East,quantile,0.9,36
2025-03-22,wk inc flu hosp,0,2025-03-22,North East,quantile,0.975,43
2025-03-22,wk inc flu hosp,1,2025-03-29,North East,quantile,0.025,9
2025-03-22,wk inc flu hosp,1,2025-03-29,North East,quantile,0.1,16
2025-03-22,wk inc flu hosp,1,2025-03-29,North East,quantile,0.25,20
2025-03-22,wk inc flu hosp,1,2025-03-29,North East,quantile,0.5,25
2025-03-22,wk inc flu hosp,1,2025-03-29,North East,quantile,0.75,29
2025-03-22,wk inc flu hosp,1,2025-03-29,North East,quantile,0.9,34
2025-03-22,wk inc flu hosp,1,2025-03-29,North East,quantile,0.975,40
2025-03-22,wk inc flu hosp,2,2025-04-05,North East,quantile,0.025,8
2025-03-22,wk inc flu hosp,2,2025-04-05,North East,quantile,0.1,14
2025-03-22,wk inc flu hosp,2,2025-04-05,North East,quantile,0.25,19
2025-03-22,wk inc flu hosp,2,2025-04-05,North East,quantile,0.5,23
2025-03-22,wk inc flu hosp,2,2025-04-05,North East,quantile,0.75,27
2025-03-22,wk inc flu hosp,2,2025-04-05,North East,quantile,0.9,32
2025-03-22,wk inc flu hosp,2,2025-04-05,North East,quantile,0.975,39
2025-03-22,wk inc flu hosp,3,2025-04-12,North East,quantile,0.025,1
2025-03-22,wk inc flu hosp,3,2025-04-12,North East,quantile,0.1,11
2025-03-22,wk inc flu hosp,3,2025-04-12,North East,quantile,0.25,15
2025-03-22,wk inc flu hosp,3,2025-04-12,North East,quantile,0.5,19
2025-03-22,wk inc flu hosp,3,2025-04-12,North East,quantile,0.75,24
2025-03-22,wk inc flu hosp,3,2025-04-12,North East,quantile,0.9,28
2025-03-22,wk inc flu hosp,3,2025-04-12,North East,quantile,0.975,34
2025-03-22,wk inc flu hosp,-1,2025-03-15,North West,quantile,0.025,15
2025-03-22,wk inc flu hosp,-1,2025-03-15,North West,quantile,0.1,17
2025-03-22,wk inc flu hosp,-1,2025-03-15,North West,quantile,0.25,20
2025-03-22,wk inc flu hosp,-1,2025-03-15,North West,quantile,0.5,23
2025-03-22,wk inc flu hosp,-1,2025-03-15,North West,quantile,0.75,26
2025-03-22,wk inc flu hosp,-1,2025-03-15,North West,quantile,0.9,28
2025-03-22,wk inc flu hosp,-1,2025-03-15,North West,quantile,0.975,31
2025-03-22,wk inc flu hosp,0,2025-03-22,North West,quantile,0.025,12
2025-03-22,wk inc flu hosp,0,2025-03-22,North West,quantile,0.1,16
2025-03-22,wk inc flu hosp,0,2025-03-22,North West,quantile,0.25,18
2025-03-22,wk inc flu hosp,0,2025-03-22,North West,quantile,0.5,21
2025-03-22,wk inc flu hosp,0,2025-03-22,North West,quantile,0.75,24
2025-03-22,wk inc flu hosp,0,2025-03-22,North West,quantile,0.9,27
2025-03-22,wk inc flu hosp,0,2025-03-22,North West,quantile,0.975,30
2025-03-22,wk inc flu hosp,1,2025-03-29,North West,quantile,0.025,12
2025-03-22,wk inc flu hosp,1,2025-03-29,North West,quantile,0.1,15
2025-03-22,wk inc flu hosp,1,2025-03-29,North West,quantile,0.25,17
2025-03-22,wk inc flu hosp,1,2025-03-29,North West,quantile,0.5,20
2025-03-22,wk inc flu hosp,1,2025-03-29,North West,quantile,0.75,23
2025-03-22,wk inc flu hosp,1,2025-03-29,North West,quantile,0.9,25
2025-03-22,wk inc flu hosp,1,2025-03-29,North West,quantile,0.975,29
2025-03-22,wk inc flu hosp,2,2025-04-05,North West,quantile,0.025,11
2025-03-22,wk inc flu hosp,2,2025-04-05,North West,quantile,0.1,14
2025-03-22,wk inc flu hosp,2,2025-04-05,North West,quantile,0.25,16
2025-03-22,wk inc flu hosp,2,2025-04-05,North West,quantile,0.5,19
2025-03-22,wk inc flu hosp,2,2025-04-05,North West,quantile,0.75,21
2025-03-22,wk inc flu hosp,2,2025-04-05,North West,quantile,0.9,24
2025-03-22,wk inc flu hosp,2,2025-04-05,North West,quantile,0.975,28
2025-03-22,wk inc flu hosp,3,2025-04-12,North West,quantile,0.025,6
2025-03-22,wk inc flu hosp,3,2025-04-12,North West,quantile,0.1,11
2025-03-22,wk inc flu hosp,3,2025-04-12,North West,quantile,0.25,13
2025-03-22,wk inc flu hosp,3,2025-04-12,North West,quantile,0.5,16
2025-03-22,wk inc flu hosp,3,2025-04-12,North West,quantile,0.75,18
2025-03-22,wk inc flu hosp,3,2025-04-12,North West,quantile,0.9,21
2025-03-22,wk inc flu hosp,3,2025-04-12,North West,quantile,0.975,24
2025-03-22,wk inc flu hosp,-1,2025-03-15,Ontario,quantile,0.025,340
2025-03-22,wk inc flu hosp,-1,2025-03-15,Ontario,quantile,0.1,384
2025-03-22,wk inc flu hosp,-1,2025-03-15,Ontario,quantile,0.25,424
2025-03-22,wk inc flu hosp,-1,2025-03-15,Ontario,quantile,0.5,468
2025-03-22,wk inc flu hosp,-1,2025-03-15,Ontario,quantile,0.75,510
2025-03-22,wk inc flu hosp,-1,2025-03-15,Ontario,quantile,0.9,548
2025-03-22,wk inc flu hosp,-1,2025-03-15,Ontario,quantile,0.975,590
2025-03-22,wk inc flu hosp,0,2025-03-22,Ontario,quantile,0.025,249
2025-03-22,wk inc flu hosp,0,2025-03-22,Ontario,quantile,0.1,324
2025-03-22,wk inc flu hosp,0,2025-03-22,Ontario,quantile,0.25,368
2025-03-22,wk inc flu hosp,0,2025-03-22,Ontario,quantile,0.5,415
2025-03-22,wk inc flu hosp,0,2025-03-22,Ontario,quantile,0.75,459
2025-03-22,wk inc flu hosp,0,2025-03-22,Ontario,quantile,0.9,506
2025-03-22,wk inc flu hosp,0,2025-03-22,Ontario,quantile,0.975,579
2025-03-22,wk inc flu hosp,1,2025-03-29,Ontario,quantile,0.025,211
2025-03-22,wk inc flu hosp,1,2025-03-29,Ontario,quantile,0.1,280
2025-03-22,wk inc flu hosp,1,2025-03-29,Ontario,quantile,0.25,327
2025-03-22,wk inc flu hosp,1,2025-03-29,Ontario,quantile,0.5,373
2025-03-22,wk inc flu hosp,1,2025-03-29,Ontario,quantile,0.75,419
2025-03-22,wk inc flu hosp,1,2025-03-29,Ontario,quantile,0.9,468
2025-03-22,wk inc flu hosp,1,2025-03-29,Ontario,quantile,0.975,534
2025-03-22,wk inc flu hosp,2,2025-04-05,Ontario,quantile,0.025,159
2025-03-22,wk inc flu hosp,2,2025-04-05,Ontario,quantile,0.1,243
2025-03-22,wk inc flu hosp,2,2025-04-05,Ontario,quantile,0.25,293
2025-03-22,wk inc flu hosp,2,2025-04-05,Ontario,quantile,0.5,341
2025-03-22,wk inc flu hosp,2,2025-04-05,Ontario,quantile,0.75,388
2025-03-22,wk inc flu hosp,2,2025-04-05,Ontario,quantile,0.9,437
2025-03-22,wk inc flu hosp,2,2025-04-05,Ontario,quantile,0.975,526
2025-03-22,wk inc flu hosp,3,2025-04-12,Ontario,quantile,0.025,89
2025-03-22,wk inc flu hosp,3,2025-04-12,Ontario,quantile,0.1,202
2025-03-22,wk inc flu hosp,3,2025-04-12,Ontario,quantile,0.25,256
2025-03-22,wk inc flu hosp,3,2025-04-12,Ontario,quantile,0.5,306
2025-03-22,wk inc flu hosp,3,2025-04-12,Ontario,quantile,0.75,357
2025-03-22,wk inc flu hosp,3,2025-04-12,Ontario,quantile,0.9,411
2025-03-22,wk inc flu hosp,3,2025-04-12,Ontario,quantile,0.975,489
2025-03-22,wk inc flu hosp,-1,2025-03-15,Toronto,quantile,0.025,65
2025-03-22,wk inc flu hosp,-1,2025-03-15,Toronto,quantile,0.1,78
2025-03-22,wk inc flu hosp,-1,2025-03-15,Toronto,quantile,0.25,91
2025-03-22,wk inc flu hosp,-1,2025-03-15,Toronto,quantile,0.5,105
2025-03-22,wk inc flu hosp,-1,2025-03-15,Toronto,quantile,0.75,118
2025-03-22,wk inc flu hosp,-1,2025-03-15,Toronto,quantile,0.9,131
2025-03-22,wk inc flu hosp,-1,2025-03-15,Toronto,quantile,0.975,145
2025-03-22,wk inc flu hosp,0,2025-03-22,Toronto,quantile,0.025,41
2025-03-22,wk inc flu hosp,0,2025-03-22,Toronto,quantile,0.1,59
2025-03-22,wk inc flu hosp,0,2025-03-22,Toronto,quantile,0.25,71
2025-03-22,wk inc flu hosp,0,2025-03-22,Toronto,quantile,0.5,83
2025-03-22,wk inc flu hosp,0,2025-03-22,Toronto,quantile,0.75,94
2025-03-22,wk inc flu hosp,0,2025-03-22,Toronto,quantile,0.9,107
2025-03-22,wk inc flu hosp,0,2025-03-22,Toronto,quantile,0.975,124
2025-03-22,wk inc flu hosp,1,2025-03-29,Toronto,quantile,0.025,45
2025-03-22,wk inc flu hosp,1,2025-03-29,Toronto,quantile,0.1,58
2025-03-22,wk inc flu hosp,1,2025-03-29,Toronto,quantile,0.25,67
2025-03-22,wk inc flu hosp,1,2025-03-29,Toronto,quantile,0.5,77
2025-03-22,wk inc flu hosp,1,2025-03-29,Toronto,quantile,0.75,88
2025-03-22,wk inc flu hosp,1,2025-03-29,Toronto,quantile,0.9,99
2025-03-22,wk inc flu hosp,1,2025-03-29,Toronto,quantile,0.975,116
2025-03-22,wk inc flu hosp,2,2025-04-05,Toronto,quantile,0.025,38
2025-03-22,wk inc flu hosp,2,2025-04-05,Toronto,quantile,0.1,54
2025-03-22,wk inc flu hosp,2,2025-04-05,Toronto,quantile,0.25,63
2025-03-22,wk inc flu hosp,2,2025-04-05,Toronto,quantile,0.5,73
2025-03-22,wk inc flu hosp,2,2025-04-05,Toronto,quantile,0.75,83
2025-03-22,wk inc flu hosp,2,2025-04-05,Toronto,quantile,0.9,94
2025-03-22,wk inc flu hosp,2,2025-04-05,Toronto,quantile,0.975,111
2025-03-22,wk inc flu hosp,3,2025-04-12,Toronto,quantile,0.025,22
2025-03-22,wk inc flu hosp,3,2025-04-12,Toronto,quantile,0.1,42
2025-03-22,wk inc flu hosp,3,2025-04-12,Toronto,quantile,0.25,53
2025-03-22,wk inc flu hosp,3,2025-04-12,Toronto,quantile,0.5,64
2025-03-22,wk inc flu hosp,3,2025-04-12,Toronto,quantile,0.75,75
2025-03-22,wk inc flu hosp,3,2025-04-12,Toronto,quantile,0.9,86
2025-03-22,wk inc flu hosp,3,2025-04-12,Toronto,quantile,0.975,103
2025-03-22,wk inc flu hosp,-1,2025-03-15,West,quantile,0.025,70
2025-03-22,wk inc flu hosp,-1,2025-03-15,West,quantile,0.1,83
2025-03-22,wk inc flu hosp,-1,2025-03-15,West,quantile,0.25,93
2025-03-22,wk inc flu hosp,-1,2025-03-15,West,quantile,0.5,106
2025-03-22,wk inc flu hosp,-1,2025-03-15,West,quantile,0.75,118
2025-03-22,wk inc flu hosp,-1,2025-03-15,West,quantile,0.9,129
2025-03-22,wk inc flu hosp,-1,2025-03-15,West,quantile,0.975,142
2025-03-22,wk inc flu hosp,0,2025-03-22,West,quantile,0.025,58
2025-03-22,wk inc flu hosp,0,2025-03-22,West,quantile,0.1,76
2025-03-22,wk inc flu hosp,0,2025-03-22,West,quantile,0.25,89
2025-03-22,wk inc flu hosp,0,2025-03-22,West,quantile,0.5,102
2025-03-22,wk inc flu hosp,0,2025-03-22,West,quantile,0.75,113
2025-03-22,wk inc flu hosp,0,2025-03-22,West,quantile,0.9,125
2025-03-22,wk inc flu hosp,0,2025-03-22,West,quantile,0.975,142
2025-03-22,wk inc flu hosp,1,2025-03-29,West,quantile,0.025,47
2025-03-22,wk inc flu hosp,1,2025-03-29,West,quantile,0.1,65
2025-03-22,wk inc flu hosp,1,2025-03-29,West,quantile,0.25,77
2025-03-22,wk inc flu hosp,1,2025-03-29,West,quantile,0.5,88
2025-03-22,wk inc flu hosp,1,2025-03-29,West,quantile,0.75,100
2025-03-22,wk inc flu hosp,1,2025-03-29,West,quantile,0.9,110
2025-03-22,wk inc flu hosp,1,2025-03-29,West,quantile,0.975,125
2025-03-22,wk inc flu hosp,2,2025-04-05,West,quantile,0.025,38
2025-03-22,wk inc flu hosp,2,2025-04-05,West,quantile,0.1,56
2025-03-22,wk inc flu hosp,2,2025-04-05,West,quantile,0.25,68
2025-03-22,wk inc flu hosp,2,2025-04-05,West,quantile,0.5,79
2025-03-22,wk inc flu hosp,2,2025-04-05,West,quantile,0.75,90
2025-03-22,wk inc flu hosp,2,2025-04-05,West,quantile,0.9,101
2025-03-22,wk inc flu hosp,2,2025-04-05,West,quantile,0.975,116
2025-03-22,wk inc flu hosp,3,2025-04-12,West,quantile,0.025,22
2025-03-22,wk inc flu hosp,3,2025-04-12,West,quantile,0.1,47
2025-03-22,wk inc flu hosp,3,2025-04-12,West,quantile,0.25,61
2025-03-22,wk inc flu hosp,3,2025-04-12,West,quantile,0.5,72
2025-03-22,wk inc flu hosp,3,2025-04-12,West,quantile,0.75,82
2025-03-22,wk inc flu hosp,3,2025-04-12,West,quantile,0.9,93
2025-03-22,wk inc flu hosp,3,2025-04-12,West,quantile,0.975,108
2025-03-22,wk inc flu hosp,-1,2025-03-15,Central,quantile,0.025,49
2025-03-22,wk inc flu hosp,-1,2025-03-15,Central,quantile,0.1,61
2025-03-22,wk inc flu hosp,-1,2025-03-15,Central,quantile,0.25,71
2025-03-22,wk inc flu hosp,-1,2025-03-15,Central,quantile,0.5,83
2025-03-22,wk inc flu hosp,-1,2025-03-15,Central,quantile,0.75,94
2025-03-22,wk inc flu hosp,-1,2025-03-15,Central,quantile,0.9,105
2025-03-22,wk inc flu hosp,-1,2025-03-15,Central,quantile,0.975,117
2025-03-22,wk inc flu hosp,0,2025-03-22,Central,quantile,0.025,37
2025-03-22,wk inc flu hosp,0,2025-03-22,Central,quantile,0.1,54
2025-03-22,wk inc flu hosp,0,2025-03-22,Central,quantile,0.25,65
2025-03-22,wk inc flu hosp,0,2025-03-22,Central,quantile,0.5,76
2025-03-22,wk inc flu hosp,0,2025-03-22,Central,quantile,0.75,86
2025-03-22,wk inc flu hosp,0,2025-03-22,Central,quantile,0.9,97
2025-03-22,wk inc flu hosp,0,2025-03-22,Central,quantile,0.975,113
2025-03-22,wk inc flu hosp,1,2025-03-29,Central,quantile,0.025,39
2025-03-22,wk inc flu hosp,1,2025-03-29,Central,quantile,0.1,51
2025-03-22,wk inc flu hosp,1,2025-03-29,Central,quantile,0.25,60
2025-03-22,wk inc flu hosp,1,2025-03-29,Central,quantile,0.5,69
2025-03-22,wk inc flu hosp,1,2025-03-29,Central,quantile,0.75,77
2025-03-22,wk inc flu hosp,1,2025-03-29,Central,quantile,0.9,86
2025-03-22,wk inc flu hosp,1,2025-03-29,Central,quantile,0.975,98
2025-03-22,wk inc flu hosp,2,2025-04-05,Central,quantile,0.025,33
2025-03-22,wk inc flu hosp,2,2025-04-05,Central,quantile,0.1,46
2025-03-22,wk inc flu hosp,2,2025-04-05,Central,quantile,0.25,55
2025-03-22,wk inc flu hosp,2,2025-04-05,Central,quantile,0.5,65
2025-03-22,wk inc flu hosp,2,2025-04-05,Central,quantile,0.75,74
2025-03-22,wk inc flu hosp,2,2025-04-05,Central,quantile,0.9,85
2025-03-22,wk inc flu hosp,2,2025-04-05,Central,quantile,0.975,100
2025-03-22,wk inc flu hosp,3,2025-04-12,Central,quantile,0.025,8
2025-03-22,wk inc flu hosp,3,2025-04-12,Central,quantile,0.1,33
2025-03-22,wk inc flu hosp,3,2025-04-12,Central,quantile,0.25,44
2025-03-22,wk inc flu hosp,3,2025-04-12,Central,quantile,0.5,54
2025-03-22,wk inc flu hosp,3,2025-04-12,Central,quantile,0.75,63
2025-03-22,wk inc flu hosp,3,2025-04-12,Central,quantile,0.9,71
2025-03-22,wk inc flu hosp,3,2025-04-12,Central,quantile,0.975,82
2025-03-22,wk inc rsv hosp,-1,2025-03-15,East,quantile,0.025,2
2025-03-22,wk inc rsv hosp,-1,2025-03-15,East,quantile,0.1,8
2025-03-22,wk inc rsv hosp,-1,2025-03-15,East,quantile,0.25,14
2025-03-22,wk inc rsv hosp,-1,2025-03-15,East,quantile,0.5,21
2025-03-22,wk inc rsv hosp,-1,2025-03-15,East,quantile,0.75,28
2025-03-22,wk inc rsv hosp,-1,2025-03-15,East,quantile,0.9,34
2025-03-22,wk inc rsv hosp,-1,2025-03-15,East,quantile,0.975,41
2025-03-22,wk inc rsv hosp,0,2025-03-22,East,quantile,0.025,3
2025-03-22,wk inc rsv hosp,0,2025-03-22,East,quantile,0.1,9
2025-03-22,wk inc rsv hosp,0,2025-03-22,East,quantile,0.25,14
2025-03-22,wk inc rsv hosp,0,2025-03-22,East,quantile,0.5,19
2025-03-22,wk inc rsv hosp,0,2025-03-22,East,quantile,0.75,24
2025-03-22,wk inc rsv hosp,0,2025-03-22,East,quantile,0.9,30
2025-03-22,wk inc rsv hosp,0,2025-03-22,East,quantile,0.975,37
2025-03-22,wk inc rsv hosp,1,2025-03-29,East,quantile,0.025,0
2025-03-22,wk inc rsv hosp,1,2025-03-29,East,quantile,0.1,6
2025-03-22,wk inc rsv hosp,1,2025-03-29,East,quantile,0.25,11
2025-03-22,wk inc rsv hosp,1,2025-03-29,East,quantile,0.5,15
2025-03-22,wk inc rsv hosp,1,2025-03-29,East,quantile,0.75,20
2025-03-22,wk inc rsv hosp,1,2025-03-29,East,quantile,0.9,25
2025-03-22,wk inc rsv hosp,1,2025-03-29,East,quantile,0.975,32
2025-03-22,wk inc rsv hosp,2,2025-04-05,East,quantile,0.025,0
2025-03-22,wk inc rsv hosp,2,2025-04-05,East,quantile,0.1,5
2025-03-22,wk inc rsv hosp,2,2025-04-05,East,quantile,0.25,9
2025-03-22,wk inc rsv hosp,2,2025-04-05,East,quantile,0.5,14
2025-03-22,wk inc rsv hosp,2,2025-04-05,East,quantile,0.75,18
2025-03-22,wk inc rsv hosp,2,2025-04-05,East,quantile,0.9,24
2025-03-22,wk inc rsv hosp,2,2025-04-05,East,quantile,0.975,32
2025-03-22,wk inc rsv hosp,3,2025-04-12,East,quantile,0.025,0
2025-03-22,wk inc rsv hosp,3,2025-04-12,East,quantile,0.1,4
2025-03-22,wk inc rsv hosp,3,2025-04-12,East,quantile,0.25,8
2025-03-22,wk inc rsv hosp,3,2025-04-12,East,quantile,0.5,12
2025-03-22,wk inc rsv hosp,3,2025-04-12,East,quantile,0.75,17
2025-03-22,wk inc rsv hosp,3,2025-04-12,East,quantile,0.9,23
2025-03-22,wk inc rsv hosp,3,2025-04-12,East,quantile,0.975,33
2025-03-22,wk inc rsv hosp,-1,2025-03-15,North East,quantile,0.025,0
2025-03-22,wk inc rsv hosp,-1,2025-03-15,North East,quantile,0.1,0
2025-03-22,wk inc rsv hosp,-1,2025-03-15,North East,quantile,0.25,1
2025-03-22,wk inc rsv hosp,-1,2025-03-15,North East,quantile,0.5,3
2025-03-22,wk inc rsv hosp,-1,2025-03-15,North East,quantile,0.75,5
2025-03-22,wk inc rsv hosp,-1,2025-03-15,North East,quantile,0.9,7
2025-03-22,wk inc rsv hosp,-1,2025-03-15,North East,quantile,0.975,9
2025-03-22,wk inc rsv hosp,0,2025-03-22,North East,quantile,0.025,0
2025-03-22,wk inc rsv hosp,0,2025-03-22,North East,quantile,0.1,2
2025-03-22,wk inc rsv hosp,0,2025-03-22,North East,quantile,0.25,3
2025-03-22,wk inc rsv hosp,0,2025-03-22,North East,quantile,0.5,5
2025-03-22,wk inc rsv hosp,0,2025-03-22,North East,quantile,0.75,6
2025-03-22,wk inc rsv hosp,0,2025-03-22,North East,quantile,0.9,8
2025-03-22,wk inc rsv hosp,0,2025-03-22,North East,quantile,0.975,10
2025-03-22,wk inc rsv hosp,1,2025-03-29,North East,quantile,0.025,0
2025-03-22,wk inc rsv hosp,1,2025-03-29,North East,quantile,0.1,1
2025-03-22,wk inc rsv hosp,1,2025-03-29,North East,quantile,0.25,2
2025-03-22,wk inc rsv hosp,1,2025-03-29,North East,quantile,0.5,4
2025-03-22,wk inc rsv hosp,1,2025-03-29,North East,quantile,0.75,5
2025-03-22,wk inc rsv hosp,1,2025-03-29,North East,quantile,0.9,7
2025-03-22,wk inc rsv hosp,1,2025-03-29,North East,quantile,0.975,8
2025-03-22,wk inc rsv hosp,2,2025-04-05,North East,quantile,0.025,0
2025-03-22,wk inc rsv hosp,2,2025-04-05,North East,quantile,0.1,1
2025-03-22,wk inc rsv hosp,2,2025-04-05,North East,quantile,0.25,2
2025-03-22,wk inc rsv hosp,2,2025-04-05,North East,quantile,0.5,3
2025-03-22,wk inc rsv hosp,2,2025-04-05,North East,quantile,0.75,5
2025-03-22,wk inc rsv hosp,2,2025-04-05,North East,quantile,0.9,6
2025-03-22,wk inc rsv hosp,2,2025-04-05,North East,quantile,0.975,9
2025-03-22,wk inc rsv hosp,3,2025-04-12,North East,quantile,0.025,0
2025-03-22,wk inc rsv hosp,3,2025-04-12,North East,quantile,0.1,0
2025-03-22,wk inc rsv hosp,3,2025-04-12,North East,quantile,0.25,1
2025-03-22,wk inc rsv hosp,3,2025-04-12,North East,quantile,0.5,2
2025-03-22,wk inc rsv hosp,3,2025-04-12,North East,quantile,0.75,4
2025-03-22,wk inc rsv hosp,3,2025-04-12,North East,quantile,0.9,5
2025-03-22,wk inc rsv hosp,3,2025-04-12,North East,quantile,0.975,7
2025-03-22,wk inc rsv hosp,-1,2025-03-15,North West,quantile,0.025,0
2025-03-22,wk inc rsv hosp,-1,2025-03-15,North West,quantile,0.1,1
2025-03-22,wk inc rsv hosp,-1,2025-03-15,North West,quantile,0.25,2
2025-03-22,wk inc rsv hosp,-1,2025-03-15,North West,quantile,0.5,4
2025-03-22,wk inc rsv hosp,-1,2025-03-15,North West,quantile,0.75,5
2025-03-22,wk inc rsv hosp,-1,2025-03-15,North West,quantile,0.9,7
2025-03-22,wk inc rsv hosp,-1,2025-03-15,North West,quantile,0.975,8
2025-03-22,wk inc rsv hosp,0,2025-03-22,North West,quantile,0.025,0
2025-03-22,wk inc rsv hosp,0,2025-03-22,North West,quantile,0.1,0
2025-03-22,wk inc rsv hosp,0,2025-03-22,North West,quantile,0.25,1
2025-03-22,wk inc rsv hosp,0,2025-03-22,North West,quantile,0.5,3
2025-03-22,wk inc rsv hosp,0,2025-03-22,North West,quantile,0.75,4
2025-03-22,wk inc rsv hosp,0,2025-03-22,North West,quantile,0.9,6
2025-03-22,wk inc rsv hosp,0,2025-03-22,North West,quantile,0.975,8
2025-03-22,wk inc rsv hosp,1,2025-03-29,North West,quantile,0.025,0
2025-03-22,wk inc rsv hosp,1,2025-03-29,North West,quantile,0.1,1
2025-03-22,wk inc rsv hosp,1,2025-03-29,North West,quantile,0.25,2
2025-03-22,wk inc rsv hosp,1,2025-03-29,North West,quantile,0.5,3
2025-03-22,wk inc rsv hosp,1,2025-03-29,North West,quantile,0.75,4
2025-03-22,wk inc rsv hosp,1,2025-03-29,North West,quantile,0.9,6
2025-03-22,wk inc rsv hosp,1,2025-03-29,North West,quantile,0.975,7
2025-03-22,wk inc rsv hosp,2,2025-04-05,North West,quantile,0.025,0
2025-03-22,wk inc rsv hosp,2,2025-04-05,North West,quantile,0.1,1
2025-03-22,wk inc rsv hosp,2,2025-04-05,North West,quantile,0.25,2
2025-03-22,wk inc rsv hosp,2,2025-04-05,North West,quantile,0.5,3
2025-03-22,wk inc rsv hosp,2,2025-04-05,North West,quantile,0.75,4
2025-03-22,wk inc rsv hosp,2,2025-04-05,North West,quantile,0.9,6
2025-03-22,wk inc rsv hosp,2,2025-04-05,North West,quantile,0.975,8
2025-03-22,wk inc rsv hosp,3,2025-04-12,North West,quantile,0.025,0
2025-03-22,wk inc rsv hosp,3,2025-04-12,North West,quantile,0.1,0
2025-03-22,wk inc rsv hosp,3,2025-04-12,North West,quantile,0.25,1
2025-03-22,wk inc rsv hosp,3,2025-04-12,North West,quantile,0.5,2
2025-03-22,wk inc rsv hosp,3,2025-04-12,North West,quantile,0.75,3
2025-03-22,wk inc rsv hosp,3,2025-04-12,North West,quantile,0.9,5
2025-03-22,wk inc rsv hosp,3,2025-04-12,North West,quantile,0.975,8
2025-03-22,wk inc rsv hosp,-1,2025-03-15,Ontario,quantile,0.025,44
2025-03-22,wk inc rsv hosp,-1,2025-03-15,Ontario,quantile,0.1,64
2025-03-22,wk inc rsv hosp,-1,2025-03-15,Ontario,quantile,0.25,86
2025-03-22,wk inc rsv hosp,-1,2025-03-15,Ontario,quantile,0.5,108
2025-03-22,wk inc rsv hosp,-1,2025-03-15,Ontario,quantile,0.75,132
2025-03-22,wk inc rsv hosp,-1,2025-03-15,Ontario,quantile,0.9,152
2025-03-22,wk inc rsv hosp,-1,2025-03-15,Ontario,quantile,0.975,174
2025-03-22,wk inc rsv hosp,0,2025-03-22,Ontario,quantile,0.025,19
2025-03-22,wk inc rsv hosp,0,2025-03-22,Ontario,quantile,0.1,50
2025-03-22,wk inc rsv hosp,0,2025-03-22,Ontario,quantile,0.25,71
2025-03-22,wk inc rsv hosp,0,2025-03-22,Ontario,quantile,0.5,93
2025-03-22,wk inc rsv hosp,0,2025-03-22,Ontario,quantile,0.75,114
2025-03-22,wk inc rsv hosp,0,2025-03-22,Ontario,quantile,0.9,137
2025-03-22,wk inc rsv hosp,0,2025-03-22,Ontario,quantile,0.975,172
2025-03-22,wk inc rsv hosp,1,2025-03-29,Ontario,quantile,0.025,2
2025-03-22,wk inc rsv hosp,1,2025-03-29,Ontario,quantile,0.1,39
2025-03-22,wk inc rsv hosp,1,2025-03-29,Ontario,quantile,0.25,60
2025-03-22,wk inc rsv hosp,1,2025-03-29,Ontario,quantile,0.5,83
2025-03-22,wk inc rsv hosp,1,2025-03-29,Ontario,quantile,0.75,108
2025-03-22,wk inc rsv hosp,1,2025-03-29,Ontario,quantile,0.9,133
2025-03-22,wk inc rsv hosp,1,2025-03-29,Ontario,quantile,0.975,174
2025-03-22,wk inc rsv hosp,2,2025-04-05,Ontario,quantile,0.025,0
2025-03-22,wk inc rsv hosp,2,2025-04-05,Ontario,quantile,0.1,34
2025-03-22,wk inc rsv hosp,2,2025-04-05,Ontario,quantile,0.25,55
2025-03-22,wk inc rsv hosp,2,2025-04-05,Ontario,quantile,0.5,76
2025-03-22,wk inc rsv hosp,2,2025-04-05,Ontario,quantile,0.75,100
2025-03-22,wk inc rsv hosp,2,2025-04-05,Ontario,quantile,0.9,128
2025-03-22,wk inc rsv hosp,2,2025-04-05,Ontario,quantile,0.975,184
2025-03-22,wk inc rsv hosp,3,2025-04-12,Ontario,quantile,0.025,0
2025-03-22,wk inc rsv hosp,3,2025-04-12,Ontario,quantile,0.1,25
2025-03-22,wk inc rsv hosp,3,2025-04-12,Ontario,quantile,0.25,43
2025-03-22,wk inc rsv hosp,3,2025-04-12,Ontario,quantile,0.5,64
2025-03-22,wk inc rsv hosp,3,2025-04-12,Ontario,quantile,0.75,89
2025-03-22,wk inc rsv hosp,3,2025-04-12,Ontario,quantile,0.9,120
2025-03-22,wk inc rsv hosp,3,2025-04-12,Ontario,quantile,0.975,180
2025-03-22,wk inc rsv hosp,-1,2025-03-15,Toronto,quantile,0.025,24
2025-03-22,wk inc rsv hosp,-1,2025-03-15,Toronto,quantile,0.1,31
2025-03-22,wk inc rsv hosp,-1,2025-03-15,Toronto,quantile,0.25,38
2025-03-22,wk inc rsv hosp,-1,2025-03-15,Toronto,quantile,0.5,45
2025-03-22,wk inc rsv hosp,-1,2025-03-15,Toronto,quantile,0.75,52
2025-03-22,wk inc rsv hosp,-1,2025-03-15,Toronto,quantile,0.9,59
2025-03-22,wk inc rsv hosp,-1,2025-03-15,Toronto,quantile,0.975,66
2025-03-22,wk inc rsv hosp,0,2025-03-22,Toronto,quantile,0.025,15
2025-03-22,wk inc rsv hosp,0,2025-03-22,Toronto,quantile,0.1,24
2025-03-22,wk inc rsv hosp,0,2025-03-22,Toronto,quantile,0.25,31
2025-03-22,wk inc rsv hosp,0,2025-03-22,Toronto,quantile,0.5,38
2025-03-22,wk inc rsv hosp,0,2025-03-22,Toronto,quantile,0.75,45
2025-03-22,wk inc rsv hosp,0,2025-03-22,Toronto,quantile,0.9,52
2025-03-22,wk inc rsv hosp,0,2025-03-22,Toronto,quantile,0.975,62
2025-03-22,wk inc rsv hosp,1,2025-03-29,Toronto,quantile,0.025,14
2025-03-22,wk inc rsv hosp,1,2025-03-29,Toronto,quantile,0.1,22
2025-03-22,wk inc rsv hosp,1,2025-03-29,Toronto,quantile,0.25,28
2025-03-22,wk inc rsv hosp,1,2025-03-29,Toronto,quantile,0.5,35
2025-03-22,wk inc rsv hosp,1,2025-03-29,Toronto,quantile,0.75,41
2025-03-22,wk inc rsv hosp,1,2025-03-29,Toronto,quantile,0.9,48
2025-03-22,wk inc rsv hosp,1,2025-03-29,Toronto,quantile,0.975,58
2025-03-22,wk inc rsv hosp,2,2025-04-05,Toronto,quantile,0.025,13
2025-03-22,wk inc rsv hosp,2,2025-04-05,Toronto,quantile,0.1,20
2025-03-22,wk inc rsv hosp,2,2025-04-05,Toronto,quantile,0.25,25
2025-03-22,wk inc rsv hosp,2,2025-04-05,Toronto,quantile,0.5,31
2025-03-22,wk inc rsv hosp,2,2025-04-05,Toronto,quantile,0.75,38
2025-03-22,wk inc rsv hosp,2,2025-04-05,Toronto,quantile,0.9,46
2025-03-22,wk inc rsv hosp,2,2025-04-05,Toronto,quantile,0.975,60
2025-03-22,wk inc rsv hosp,3,2025-04-12,Toronto,quantile,0.025,8
2025-03-22,wk inc rsv hosp,3,2025-04-12,Toronto,quantile,0.1,16
2025-03-22,wk inc rsv hosp,3,2025-04-12,Toronto,quantile,0.25,21
2025-03-22,wk inc rsv hosp,3,2025-04-12,Toronto,quantile,0.5,27
2025-03-22,wk inc rsv hosp,3,2025-04-12,Toronto,quantile,0.75,34
2025-03-22,wk inc rsv hosp,3,2025-04-12,Toronto,quantile,0.9,43
2025-03-22,wk inc rsv hosp,3,2025-04-12,Toronto,quantile,0.975,62
2025-03-22,wk inc rsv hosp,-1,2025-03-15,West,quantile,0.025,0
2025-03-22,wk inc rsv hosp,-1,2025-03-15,West,quantile,0.1,7
2025-03-22,wk inc rsv hosp,-1,2025-03-15,West,quantile,0.25,14
2025-03-22,wk inc rsv hosp,-1,2025-03-15,West,quantile,0.5,21
2025-03-22,wk inc rsv hosp,-1,2025-03-15,West,quantile,0.75,28
2025-03-22,wk inc rsv hosp,-1,2025-03-15,West,quantile,0.9,35
2025-03-22,wk inc rsv hosp,-1,2025-03-15,West,quantile,0.975,42
2025-03-22,wk inc rsv hosp,0,2025-03-22,West,quantile,0.025,0
2025-03-22,wk inc rsv hosp,0,2025-03-22,West,quantile,0.1,7
2025-03-22,wk inc rsv hosp,0,2025-03-22,West,quantile,0.25,13
2025-03-22,wk inc rsv hosp,0,2025-03-22,West,quantile,0.5,18
2025-03-22,wk inc rsv hosp,0,2025-03-22,West,quantile,0.75,24
2025-03-22,wk inc rsv hosp,0,2025-03-22,West,quantile,0.9,29
2025-03-22,wk inc rsv hosp,0,2025-03-22,West,quantile,0.975,37
2025-03-22,wk inc rsv hosp,1,2025-03-29,West,quantile,0.025,0
2025-03-22,wk inc rsv hosp,1,2025-03-29,West,quantile,0.1,7
2025-03-22,wk inc rsv hosp,1,2025-03-29,West,quantile,0.25,12
2025-03-22,wk inc rsv hosp,1,2025-03-29,West,quantile,0.5,17
2025-03-22,wk inc rsv hosp,1,2025-03-29,West,quantile,0.75,22
2025-03-22,wk inc rsv hosp,1,2025-03-29,West,quantile,0.9,28
2025-03-22,wk inc rsv hosp,1,2025-03-29,West,quantile,0.975,35
2025-03-22,wk inc rsv hosp,2,2025-04-05,West,quantile,0.025,0
2025-03-22,wk inc rsv hosp,2,2025-04-05,West,quantile,0.1,6
2025-03-22,wk inc rsv hosp,2,2025-04-05,West,quantile,0.25,10
2025-03-22,wk inc rsv hosp,2,2025-04-05,West,quantile,0.5,15
2025-03-22,wk inc rsv hosp,2,2025-04-05,West,quantile,0.75,20
2025-03-22,wk inc rsv hosp,2,2025-04-05,West,quantile,0.9,26
2025-03-22,wk inc rsv hosp,2,2025-04-05,West,quantile,0.975,35
2025-03-22,wk inc rsv hosp,3,2025-04-12,West,quantile,0.025,0
2025-03-22,wk inc rsv hosp,3,2025-04-12,West,quantile,0.1,5
2025-03-22,wk inc rsv hosp,3,2025-04-12,West,quantile,0.25,9
2025-03-22,wk inc rsv hosp,3,2025-04-12,West,quantile,0.5,13
2025-03-22,wk inc rsv hosp,3,2025-04-12,West,quantile,0.75,18
2025-03-22,wk inc rsv hosp,3,2025-04-12,West,quantile,0.9,24
2025-03-22,wk inc rsv hosp,3,2025-04-12,West,quantile,0.975,35
2025-03-22,wk inc rsv hosp,-1,2025-03-15,Central,quantile,0.025,0
2025-03-22,wk inc rsv hosp,-1,2025-03-15,Central,quantile,0.1,1
2025-03-22,wk inc rsv hosp,-1,2025-03-15,Central,quantile,0.25,7
2025-03-22,wk inc rsv hosp,-1,2025-03-15,Central,quantile,0.5,13
2025-03-22,wk inc rsv hosp,-1,2025-03-15,Central,quantile,0.75,20
2025-03-22,wk inc rsv hosp,-1,2025-03-15,Central,quantile,0.9,25
2025-03-22,wk inc rsv hosp,-1,2025-03-15,Central,quantile,0.975,32
2025-03-22,wk inc rsv hosp,0,2025-03-22,Central,quantile,0.025,0
2025-03-22,wk inc rsv hosp,0,2025-03-22,Central,quantile,0.1,0
2025-03-22,wk inc rsv hosp,0,2025-03-22,Central,quantile,0.25,5
2025-03-22,wk inc rsv hosp,0,2025-03-22,Central,quantile,0.5,9
2025-03-22,wk inc rsv hosp,0,2025-03-22,Central,quantile,0.75,14
2025-03-22,wk inc rsv hosp,0,2025-03-22,Central,quantile,0.9,19
2025-03-22,wk inc rsv hosp,0,2025-03-22,Central,quantile,0.975,27
2025-03-22,wk inc rsv hosp,1,2025-03-29,Central,quantile,0.025,0
2025-03-22,wk inc rsv hosp,1,2025-03-29,Central,quantile,0.1,0
2025-03-22,wk inc rsv hosp,1,2025-03-29,Central,quantile,0.25,4
2025-03-22,wk inc rsv hosp,1,2025-03-29,Central,quantile,0.5,8
2025-03-22,wk inc rsv hosp,1,2025-03-29,Central,quantile,0.75,12
2025-03-22,wk inc rsv hosp,1,2025-03-29,Central,quantile,0.9,17
2025-03-22,wk inc rsv hosp,1,2025-03-29,Central,quantile,0.975,24
2025-03-22,wk inc rsv hosp,2,2025-04-05,Central,quantile,0.025,0
2025-03-22,wk inc rsv hosp,2,2025-04-05,Central,quantile,0.1,0
2025-03-22,wk inc rsv hosp,2,2025-04-05,Central,quantile,0.25,4
2025-03-22,wk inc rsv hosp,2,2025-04-05,Central,quantile,0.5,8
2025-03-22,wk inc rsv hosp,2,2025-04-05,Central,quantile,0.75,12
2025-03-22,wk inc rsv hosp,2,2025-04-05,Central,quantile,0.9,16
2025-03-22,wk inc rsv hosp,2,2025-04-05,Central,quantile,0.975,24
2025-03-22,wk inc rsv hosp,3,2025-04-12,Central,quantile,0.025,0
2025-03-22,wk inc rsv hosp,3,2025-04-12,Central,quantile,0.1,0
2025-03-22,wk inc rsv hosp,3,2025-04-12,Central,quantile,0.25,3
2025-03-22,wk inc rsv hosp,3,2025-04-12,Central,quantile,0.5,7
2025-03-22,wk inc rsv hosp,3,2025-04-12,Central,quantile,0.75,10
2025-03-22,wk inc rsv hosp,3,2025-04-12,Central,quantile,0.9,14
2025-03-22,wk inc rsv hosp,3,2025-04-12,Central,quantile,0.975,23
